Date;Month ;Year;season;Organism;Area;STX
07-07-2005;07;2005;winter;M. edulis;BBE;0
07-07-2005;07;2005;winter;M. edulis;BBF;0
21-07-2005;07;2005;winter;M. edulis;PP;0
04-08-2005;08;2005;winter;M. edulis;BBE;0
04-08-2005;08;2005;winter;M. edulis;BBF;0
04-08-2005;08;2005;winter;M. edulis;PP;0
25-08-2005;08;2005;winter;M. edulis;PP;0
08-09-2005;09;2005;winter;M. edulis;BBE;0
08-09-2005;09;2005;winter;M. edulis;BBF;0
08-09-2005;09;2005;winter;M. edulis;PP;0
15-09-2005;09;2005;winter;M. edulis;BBE;0
15-09-2005;09;2005;winter;M. edulis;BBF;0
22-09-2005;09;2005;spring ;M. edulis;BBE;0
22-09-2005;09;2005;spring ;M. edulis;BBF;0
22-09-2005;09;2005;spring ;M. edulis;PP;0
28-09-2005;09;2005;spring ;M. edulis;BBE;0
28-09-2005;09;2005;spring ;M. edulis;BBF;0
28-09-2005;09;2005;spring ;M. edulis;PP;0
05-10-2005;10;2005;spring ;M. edulis;BBE;0
05-10-2005;10;2005;spring ;M. edulis;BBF;0
05-10-2005;10;2005;spring ;M. edulis;PP;0
18-10-2005;10;2005;spring ;M. edulis;BBE;0
18-10-2005;10;2005;spring ;M. edulis;BBF;0
18-10-2005;10;2005;spring ;M. edulis;PP;0
27-10-2005;10;2005;spring ;M. edulis;BBE;40
27-10-2005;10;2005;spring ;M. edulis;BBF;0
27-10-2005;10;2005;spring ;M. edulis;PP;0
10-11-2005;11;2005;spring ;M. edulis;BBE;51
10-11-2005;11;2005;spring ;M. edulis;BBF;39
10-11-2005;11;2005;spring ;M. edulis;PP;0
23-11-2005;11;2005;spring ;M. edulis;BBE;0
23-11-2005;11;2005;spring ;M. edulis;BBF;42
23-11-2005;11;2005;spring ;M. edulis;PP;55
01-12-2005;12;2005;spring ;M. edulis;BBE;43
01-12-2005;12;2005;spring ;M. edulis;BBF;43
01-12-2005;12;2005;spring ;M. edulis;PP;58
09-12-2005;12;2005;spring ;M. edulis;BBE;603
09-12-2005;12;2005;spring ;M. edulis;BBF;198
09-12-2005;12;2005;spring ;M. edulis;PP;69
15-12-2005;12;2005;spring ;M. edulis;BBE;43
15-12-2005;12;2005;spring ;M. edulis;BBF;57
15-12-2005;12;2005;spring ;M. edulis;PP;242
29-12-2005;12;2005;summer;M. edulis;BBE;53
29-12-2005;12;2005;summer;M. edulis;BBF;0
29-12-2005;12;2005;summer;M. edulis;PP;35
04-01-2006;01;2006;summer;M. edulis;PP;35
05-01-2006;01;2006;summer;M. edulis;BBF;158
05-01-2006;01;2006;summer;M. edulis;PP;54
10-01-2006;01;2006;summer;M. edulis;BBE;141
19-01-2006;01;2006;summer;M. edulis;BBF;44
19-01-2006;01;2006;summer;M. edulis;PP;38
19-01-2006;01;2006;summer;M. edulis;PP;0
24-01-2006;01;2006;summer;M. edulis;BBE;65
01-02-2006;02;2006;summer;M. edulis;BBF;37
01-02-2006;02;2006;summer;M. edulis;PP;35
01-02-2006;02;2006;summer;M. edulis;PP;0
07-02-2006;02;2006;summer;M. edulis ;BBF;53
09-02-2006;02;2006;summer;M. edulis;PP;33
15-02-2006;02;2006;summer;M. edulis;PP;36
16-02-2006;02;2006;summer;M. edulis;BBF;41
16-02-2006;02;2006;summer;M. edulis;PP;38
20-02-2006;02;2006;summer;M. edulis;BBE;39
28-02-2006;02;2006;summer;M. edulis;PP;0
02-03-2006;03;2006;summer;M. edulis;BBF;36
02-03-2006;03;2006;summer;M. edulis;PP;0
06-03-2006;03;2006;summer;M. edulis;BBE;0
13-03-2006;03;2006;summer;M. edulis;BBF;0
15-03-2006;03;2006;summer;M. edulis;PP;0
15-03-2006;03;2006;summer;M. edulis;PP;0
21-03-2006;03;2006;autumn;M. edulis;BBE;0
28-03-2006;03;2006;autumn;M. edulis;BBF;0
28-03-2006;03;2006;autumn;M. edulis;PP;0
28-03-2006;03;2006;autumn;M. edulis;PP;0
04-04-2006;04;2006;autumn;M. edulis;BBE;0
10-04-2006;04;2006;autumn;M. edulis;BBF;0
10-04-2006;04;2006;autumn;M. edulis;PP;0
10-04-2006;04;2006;autumn;M. edulis;PP;0
18-04-2006;04;2006;autumn;M. edulis;BBE;0
24-04-2006;04;2006;autumn;M. edulis;BBF;0
24-04-2006;04;2006;autumn;M. edulis;PP;0
26-04-2006;04;2006;autumn;M. edulis;PP;0
02-05-2006;05;2006;autumn;M. edulis;BBE;0
08-05-2006;05;2006;autumn;M. edulis;BBF;0
09-05-2006;05;2006;autumn;M. edulis;BBF;0
09-05-2006;05;2006;autumn;M. edulis;PP;0
11-05-2006;05;2006;autumn;M. edulis;PP;0
16-05-2006;05;2006;autumn;M. edulis;BBE;0
22-05-2006;05;2006;autumn;M. edulis;BBF;0
22-05-2006;05;2006;autumn;M. edulis;PP;0
24-05-2006;05;2006;autumn;M. edulis;PP;0
29-05-2006;05;2006;autumn;M. edulis;BBE;0
06-06-2006;06;2006;autumn;M. edulis;BBF;0
06-06-2006;06;2006;autumn;M. edulis;PP;0
06-06-2006;06;2006;autumn;M. edulis;PP;0
13-06-2006;06;2006;autumn;M. edulis;BBE;0
20-06-2006;06;2006;autumn;M. edulis;BBF;0
20-06-2006;06;2006;autumn;M. edulis ;PP;0
22-06-2006;06;2006;winter;M. edulis;PP;0
29-06-2006;06;2006;winter;M. edulis;BBE;0
06-07-2006;07;2006;winter;M. edulis;BBF;0
06-07-2006;07;2006;winter;M. edulis;PP;0
07-07-2006;07;2006;winter;M. edulis;PP;0
17-07-2006;07;2006;winter;M. edulis;PP;0
18-07-2006;07;2006;winter;M. edulis;BBF;0
18-07-2006;07;2006;winter;M. edulis;PP;0
18-07-2006;07;2006;winter;M. edulis;PP;0
24-07-2006;07;2006;winter;M. edulis;BBE;0
31-07-2006;07;2006;winter;M. edulis;PP;0
03-08-2006;08;2006;winter;M. edulis;BBF;0
03-08-2006;08;2006;winter;M. edulis;PP;0
08-08-2006;08;2006;winter;M. edulis;BBE;0
15-08-2006;08;2006;winter;M. edulis;PP;0
17-08-2006;08;2006;winter;M. edulis;BBF;0
17-08-2006;08;2006;winter;M. edulis;PP;0
25-08-2006;08;2006;winter;M. edulis;BBE;0
30-08-2006;08;2006;winter;M. edulis;PP;0
31-08-2006;08;2006;winter;M. edulis;BBF;0
31-08-2006;08;2006;winter;M. edulis;PP;0
05-09-2006;09;2006;winter;M. edulis;BBE;0
11-09-2006;09;2006;winter;M. edulis;PP;0
12-09-2006;09;2006;winter;M. edulis;BBF;0
12-09-2006;09;2006;winter;M. edulis;PP;0
12-09-2006;09;2006;winter;M. edulis;PP;0
21-09-2006;09;2006;spring ;M. edulis;BBE;0
25-09-2006;09;2006;spring ;M. edulis;PP;0
26-09-2006;09;2006;spring ;M. edulis;BBF;0
26-09-2006;09;2006;spring ;M. edulis;PP;0
03-10-2006;10;2006;spring ;M. edulis;BBE;0
10-10-2006;10;2006;spring ;M. edulis;PP;0
12-10-2006;10;2006;spring ;M. edulis;PP;0
17-10-2006;10;2006;spring ;M. edulis;BBE;0
19-10-2006;10;2006;spring ;M. edulis;BBE;0
19-10-2006;10;2006;spring ;M. edulis;BBF;0
23-10-2006;10;2006;spring ;M. edulis;BBF;0
23-10-2006;10;2006;spring ;M. edulis;PP;0
24-10-2006;10;2006;spring ;M. edulis;BBF;0
24-10-2006;10;2006;spring ;M. edulis;PP;0
03-11-2006;11;2006;spring ;M. edulis;BBE;0
06-11-2006;11;2006;spring ;M. edulis;PP;37
07-11-2006;11;2006;spring ;M. edulis;BBE;0
07-11-2006;11;2006;spring ;M. edulis;PP;57
09-11-2006;11;2006;spring ;M. edulis;PP;56
09-11-2006;11;2006;spring ;M. edulis;PP;40
17-11-2006;11;2006;spring ;M. edulis;BBE;0
20-11-2006;11;2006;spring ;M. edulis;PP;0
21-11-2006;11;2006;spring ;M. edulis;BBF;0
21-11-2006;11;2006;spring ;M. edulis;PP;73
23-11-2006;11;2006;spring ;M. edulis;PP;106
23-11-2006;11;2006;spring ;M. edulis;PP;35
28-11-2006;11;2006;spring ;M. edulis;BBE;72
30-11-2006;11;2006;spring ;M. edulis;PP;238
04-12-2006;12;2006;spring ;M. edulis;BBE;281
04-12-2006;12;2006;spring ;M. edulis;BBE;110
04-12-2006;12;2006;spring ;M. edulis;BBF;161
04-12-2006;12;2006;spring ;M. edulis;PP;190
05-12-2006;12;2006;spring ;M. edulis;PP;56
11-12-2006;12;2006;spring ;M. edulis;BBE;42
11-12-2006;12;2006;spring ;M. edulis;BBF;40
11-12-2006;12;2006;spring ;M. edulis;PP;75
18-12-2006;12;2006;spring ;M. edulis;BBE;37
18-12-2006;12;2006;spring ;M. edulis;BBF;43
18-12-2006;12;2006;spring ;M. edulis;PP;54
19-12-2006;12;2006;spring ;M. edulis;PP;39
28-12-2006;12;2006;summer;M. edulis;BBE;42
30-01-2007;01;2007;summer;M. edulis;BBE;0
30-01-2007;01;2007;summer;M. edulis;BBF;38
30-01-2007;01;2007;summer;M. edulis;PP;33
08-02-2007;02;2007;summer;M. edulis;BBE;34
08-02-2007;02;2007;summer;M. edulis;BBF;0
16-02-2007;02;2007;summer;M. edulis;BBE;0
16-02-2007;02;2007;summer;M. edulis;BBF;0
16-02-2007;02;2007;summer;M. edulis;PP;35
01-03-2007;03;2007;summer;M. edulis;BBE;0
15-03-2007;03;2007;summer;M. edulis;BBE;0
15-03-2007;03;2007;summer;M. edulis;BBF;0
15-03-2007;03;2007;summer;M. edulis;PP;0
29-03-2007;03;2007;autumn;M. edulis;BBE;0
29-03-2007;03;2007;autumn;M. edulis;BBF;0
29-03-2007;03;2007;autumn;M. edulis;PP;0
12-04-2007;04;2007;autumn;M. edulis;BBE;0
12-04-2007;04;2007;autumn;M. edulis;BBF;0
12-04-2007;04;2007;autumn;M. edulis;PP;0
26-04-2007;04;2007;autumn;M. edulis;BBE;0
26-04-2007;04;2007;autumn;M. edulis;BBF;0
26-04-2007;04;2007;autumn;M. edulis;PP;0
10-05-2007;05;2007;autumn;M. edulis;BBE;0
10-05-2007;05;2007;autumn;M. edulis;BBF;0
10-05-2007;05;2007;autumn;M. edulis;PP;0
23-05-2007;05;2007;autumn;M. edulis;BBE;0
23-05-2007;05;2007;autumn;M. edulis;BBF;0
23-05-2007;05;2007;autumn;M. edulis;PP;0
07-06-2007;06;2007;autumn;M. edulis;PP;0
21-06-2007;06;2007;winter;M. edulis;BBE;0
21-06-2007;06;2007;winter;M. edulis;BBF;0
21-06-2007;06;2007;winter;M. edulis;PP;0
05-07-2007;07;2007;winter;M. edulis;BBE;0
05-07-2007;07;2007;winter;M. edulis;BBF;0
05-07-2007;07;2007;winter;M. edulis;PP;0
19-07-2007;07;2007;winter;M. edulis;BBE;0
19-07-2007;07;2007;winter;M. edulis;BBF;0
19-07-2007;07;2007;winter;M. edulis;PP;0
02-08-2007;08;2007;winter;M. edulis;BBE;0
02-08-2007;08;2007;winter;M. edulis;BBF;0
02-08-2007;08;2007;winter;M. edulis;PP;0
16-08-2007;08;2007;winter;M. edulis;BBE;0
16-08-2007;08;2007;winter;M. edulis;BBF;0
16-08-2007;08;2007;winter;M. edulis;PP;0
30-08-2007;08;2007;winter;M. edulis;BBE;0
30-08-2007;08;2007;winter;M. edulis;BBF;0
06-09-2007;09;2007;winter;M. edulis;BBE;0
06-09-2007;09;2007;winter;M. edulis;BBF;0
06-09-2007;09;2007;winter;M. edulis;PP;0
13-09-2007;09;2007;winter;M. edulis;BBE;0
13-09-2007;09;2007;winter;M. edulis;PP;0
19-09-2007;09;2007;winter;M. edulis;BBE;0
19-09-2007;09;2007;winter;M. edulis;BBF;0
19-09-2007;09;2007;winter;M. edulis;PP;0
01-10-2007;10;2007;spring ;M. edulis;BBF;0
04-10-2007;10;2007;spring ;M. edulis;BBE;0
11-10-2007;10;2007;spring ;M. edulis;BBE;0
11-10-2007;10;2007;spring ;M. edulis;BBF;0
17-10-2007;10;2007;spring ;M. edulis;BBE;0
17-10-2007;10;2007;spring ;M. edulis;BBF;0
25-10-2007;10;2007;spring ;M. edulis;BBE;42
25-10-2007;10;2007;spring ;M. edulis;BBF;0
08-11-2007;11;2007;spring ;M. edulis;BBE;68
08-11-2007;11;2007;spring ;M. edulis;BBF;64
15-11-2007;11;2007;spring ;M. edulis;BBE;72
15-11-2007;11;2007;spring ;M. edulis;BBF;39
22-11-2007;11;2007;spring ;M. edulis;BBF;54
30-11-2007;11;2007;spring ;M. edulis;BBE;44
30-11-2007;11;2007;spring ;M. edulis;BBF;0
06-12-2007;12;2007;spring ;M. edulis;BBE;45
06-12-2007;12;2007;spring ;M. edulis;BBF;0
07-02-2008;02;2008;summer;M. edulis;BBE;218
12-02-2008;02;2008;summer;M. edulis;BBE;45
18-02-2008;02;2008;summer;M. edulis;BBE;57
18-02-2008;02;2008;summer;M. edulis;BBF;112
28-02-2008;02;2008;summer;M. edulis;BBE;37
03-03-2008;03;2008;summer;M. edulis;BBE;38
18-03-2008;03;2008;summer;M. edulis;BBF;35
27-03-2008;03;2008;autumn;M. edulis;BBE;0
27-03-2008;03;2008;autumn;M. edulis;BBF;0
31-03-2008;03;2008;autumn;M. edulis;BBE;0
31-03-2008;03;2008;autumn;M. edulis;BBF;0
07-04-2008;04;2008;autumn;M. edulis;BBE;0
07-04-2008;04;2008;autumn;M. edulis;BBF;0
07-04-2008;04;2008;autumn;M. edulis;PP;0
15-04-2008;04;2008;autumn;M. edulis;BBE;0
15-04-2008;04;2008;autumn;M. edulis;BBF;0
15-04-2008;04;2008;autumn;M. edulis;PP;0
21-04-2008;04;2008;autumn;M. edulis;BBE;0
21-04-2008;04;2008;autumn;M. edulis;BBF;0
21-04-2008;04;2008;autumn;M. edulis;PP;0
02-05-2008;05;2008;autumn;M. edulis;BBE;0
02-05-2008;05;2008;autumn;M. edulis;BBF;0
02-05-2008;05;2008;autumn;M. edulis;PP;0
05-05-2008;05;2008;autumn;M. edulis;BBE;36
05-05-2008;05;2008;autumn;M. edulis;BBF;0
05-05-2008;05;2008;autumn;M. edulis;PP;0
14-05-2008;05;2008;autumn;M. edulis;BBE;0
14-05-2008;05;2008;autumn;M. edulis;BBF;0
16-05-2008;05;2008;autumn;M. edulis;PP;0
19-05-2008;05;2008;autumn;M. edulis;BBE;0
19-05-2008;05;2008;autumn;M. edulis;BBF;0
19-05-2008;05;2008;autumn;M. edulis;PP;0
29-05-2008;05;2008;autumn;M. edulis;BBE;0
29-05-2008;05;2008;autumn;M. edulis;BBF;0
29-05-2008;05;2008;autumn;M. edulis;PP;0
02-06-2008;06;2008;autumn;M. edulis;BBE;0
02-06-2008;06;2008;autumn;M. edulis;BBF;0
02-06-2008;06;2008;autumn;M. edulis;PP;0
09-06-2008;06;2008;autumn;M. edulis;BBF;0
09-06-2008;06;2008;autumn;M. edulis;PP;0
10-06-2008;06;2008;autumn;M. edulis;BBE;0
16-06-2008;06;2008;autumn;M. edulis;BBE;0
16-06-2008;06;2008;autumn;M. edulis;BBF;0
16-06-2008;06;2008;autumn;M. edulis;PP;0
23-06-2008;06;2008;winter;M. edulis;BBF;0
24-06-2008;06;2008;winter;M. edulis;BBE;0
26-06-2008;06;2008;winter;M. edulis;PP;0
30-06-2008;06;2008;winter;M. edulis;BBE;0
30-06-2008;06;2008;winter;M. edulis;BBF;0
30-06-2008;06;2008;winter;M. edulis;PP;0
07-07-2008;07;2008;winter;M. edulis;BBF;0
08-07-2008;07;2008;winter;M. edulis;BBE;0
08-07-2008;07;2008;winter;M. edulis;BBF;0
10-07-2008;07;2008;winter;M. edulis;PP;0
14-07-2008;07;2008;winter;M. edulis;BBE;0
14-07-2008;07;2008;winter;M. edulis;BBF;35
14-07-2008;07;2008;winter;M. edulis;PP;0
21-07-2008;07;2008;winter;M. edulis;BBF;0
22-07-2008;07;2008;winter;M. edulis;BBE;0
22-07-2008;07;2008;winter;M. edulis;PP;0
28-07-2008;07;2008;winter;M. edulis;BBE;0
28-07-2008;07;2008;winter;M. edulis;BBF;0
28-07-2008;07;2008;winter;M. edulis;PP;0
05-08-2008;08;2008;winter;M. edulis;BBF;0
07-08-2008;08;2008;winter;M. edulis;BBE;0
08-08-2008;08;2008;winter;M. edulis;PP;0
11-08-2008;08;2008;winter;M. edulis;BBE;0
11-08-2008;08;2008;winter;M. edulis;BBF;0
11-08-2008;08;2008;winter;M. edulis;PP;0
19-08-2008;08;2008;winter;M. edulis;BBF;0
21-08-2008;08;2008;winter;M. edulis;BBE;35
22-08-2008;08;2008;winter;M. edulis;PP;0
25-08-2008;08;2008;winter;M. edulis;BBE;0
25-08-2008;08;2008;winter;M. edulis;BBF;0
25-08-2008;08;2008;winter;M. edulis;PP;0
04-09-2008;09;2008;winter;M. edulis;BBE;0
04-09-2008;09;2008;winter;M. edulis;BBF;0
04-09-2008;09;2008;winter;M. edulis;PP;0
08-09-2008;09;2008;winter;M. edulis;BBE;0
08-09-2008;09;2008;winter;M. edulis;BBF;0
08-09-2008;09;2008;winter;M. edulis;PP;0
11-09-2008;09;2008;winter;M. edulis;BBE;0
11-09-2008;09;2008;winter;M. edulis;BBF;0
16-09-2008;09;2008;winter;M. edulis;BBE;0
16-09-2008;09;2008;winter;M. edulis;PP;0
19-09-2008;09;2008;winter;M. edulis;BBF;0
22-09-2008;09;2008;spring ;M. edulis;BBE;35
22-09-2008;09;2008;spring ;M. edulis;BBF;0
22-09-2008;09;2008;spring ;M. edulis;PP;0
30-09-2008;09;2008;spring ;M. edulis;BBE;0
30-09-2008;09;2008;spring ;M. edulis;BBF;0
02-10-2008;10;2008;spring ;M. edulis;PP;0
06-10-2008;10;2008;spring ;M. edulis;BBE;0
06-10-2008;10;2008;spring ;M. edulis;BBF;0
06-10-2008;10;2008;spring ;M. edulis;PP;0
15-10-2008;10;2008;spring ;M. edulis;BBE;0
15-10-2008;10;2008;spring ;M. edulis;BBF;0
15-10-2008;10;2008;spring ;M. edulis;PP;0
20-10-2008;10;2008;spring ;M. edulis;BBE;0
20-10-2008;10;2008;spring ;M. edulis;BBF;0
20-10-2008;10;2008;spring ;M. edulis;PP;0
28-10-2008;10;2008;spring ;M. edulis;BBE;0
28-10-2008;10;2008;spring ;M. edulis;BBF;0
28-10-2008;10;2008;spring ;M. edulis;PP;0
03-11-2008;11;2008;spring ;M. edulis;BBE;0
03-11-2008;11;2008;spring ;M. edulis;BBF;0
03-11-2008;11;2008;spring ;M. edulis;PP;0
13-11-2008;11;2008;spring ;M. edulis;BBE;36
13-11-2008;11;2008;spring ;M. edulis;BBF;0
13-11-2008;11;2008;spring ;M. edulis;PP;0
17-11-2008;11;2008;spring ;M. edulis;BBE;36
17-11-2008;11;2008;spring ;M. edulis;BBF;0
17-11-2008;11;2008;spring ;M. edulis;PP;0
25-11-2008;11;2008;spring ;M. edulis;PP;0
27-11-2008;11;2008;spring ;M. edulis;BBE;34
27-11-2008;11;2008;spring ;M. edulis;BBF;0
01-12-2008;12;2008;spring ;M. edulis;BBE;0
01-12-2008;12;2008;spring ;M. edulis;BBF;0
01-12-2008;12;2008;spring ;M. edulis;PP;0
10-12-2008;12;2008;spring ;M. edulis;BBE;0
10-12-2008;12;2008;spring ;M. edulis;BBF;0
10-12-2008;12;2008;spring ;M. edulis;PP;0
15-12-2008;12;2008;spring ;M. edulis;BBE;36
15-12-2008;12;2008;spring ;M. edulis;BBF;0
15-12-2008;12;2008;spring ;M. edulis;PP;35
23-12-2008;12;2008;summer;M. edulis;BBE;0
23-12-2008;12;2008;summer;M. edulis;BBF;0
23-12-2008;12;2008;summer;M. edulis;PP;0
29-12-2008;12;2008;summer;M. edulis;BBE;0
29-12-2008;12;2008;summer;M. edulis;BBF;0
29-12-2008;12;2008;summer;M. edulis;PP;37
06-01-2009;01;2009;summer;M. edulis;BBE;51
06-01-2009;01;2009;summer;M. edulis;BBF;0
06-01-2009;01;2009;summer;M. edulis;PP;118
08-01-2009;01;2009;summer;M. edulis;BBF;0
08-01-2009;01;2009;summer;M. edulis;PP;0
12-01-2009;01;2009;summer;M. edulis;BBE;40
12-01-2009;01;2009;summer;M. edulis;BBF;0
12-01-2009;01;2009;summer;M. edulis;PP;0
20-01-2009;01;2009;summer;M. edulis;BBF;0
20-01-2009;01;2009;summer;M. edulis;PP;0
22-01-2009;01;2009;summer;M. edulis;BBE;39
26-01-2009;01;2009;summer;M. edulis;BBE;35
26-01-2009;01;2009;summer;M. edulis;BBF;0
26-01-2009;01;2009;summer;M. edulis;PP;0
03-02-2009;02;2009;summer;M. edulis;BBE;0
03-02-2009;02;2009;summer;M. edulis;BBF;0
05-02-2009;02;2009;summer;M. edulis;PP;0
11-02-2009;02;2009;summer;M. edulis;BBE;0
11-02-2009;02;2009;summer;M. edulis;BBF;0
11-02-2009;02;2009;summer;M. edulis;PP;0
17-02-2009;02;2009;summer;M. edulis;BBE;0
17-02-2009;02;2009;summer;M. edulis;BBF;0
17-02-2009;02;2009;summer;M. edulis;PP;0
23-02-2009;02;2009;summer;M. edulis;BBE;0
23-02-2009;02;2009;summer;M. edulis;BBF;0
23-02-2009;02;2009;summer;M. edulis;PP;0
02-03-2009;03;2009;summer;M. edulis;BBF;0
02-03-2009;03;2009;summer;M. edulis;PP;0
04-03-2009;03;2009;summer;M. edulis;BBE;0
09-03-2009;03;2009;summer;M. edulis;BBE;0
09-03-2009;03;2009;summer;M. edulis;BBF;0
09-03-2009;03;2009;summer;M. edulis;PP;0
17-03-2009;03;2009;summer;A. ater;BBE;37
17-03-2009;03;2009;summer;M. edulis;BBE;0
17-03-2009;03;2009;summer;M. edulis;BBF;0
17-03-2009;03;2009;summer;M. edulis;PP;0
23-03-2009;03;2009;autumn;A. ater;BBE;36
23-03-2009;03;2009;autumn;M. edulis;BBE;0
23-03-2009;03;2009;autumn;M. edulis;BBF;0
23-03-2009;03;2009;autumn;M. edulis;PP;0
01-04-2009;04;2009;autumn;A. ater;BBE;39
01-04-2009;04;2009;autumn;M. edulis;BBE;0
01-04-2009;04;2009;autumn;M. edulis;BBF;0
01-04-2009;04;2009;autumn;M. edulis;PP;0
06-04-2009;04;2009;autumn;A. ater;BBE;39
06-04-2009;04;2009;autumn;M. edulis;BBE;0
06-04-2009;04;2009;autumn;M. edulis;BBF;0
06-04-2009;04;2009;autumn;M. edulis;PP;0
14-04-2009;04;2009;autumn;M. edulis;BBE;0
14-04-2009;04;2009;autumn;M. edulis;BBF;0
14-04-2009;04;2009;autumn;M. edulis;PP;0
22-04-2009;04;2009;autumn;A. ater;BBE;40
22-04-2009;04;2009;autumn;M. edulis;BBE;0
22-04-2009;04;2009;autumn;M. edulis;BBF;0
22-04-2009;04;2009;autumn;M. edulis;PP;0
29-04-2009;04;2009;autumn;M. edulis;BBE;0
29-04-2009;04;2009;autumn;M. edulis;BBF;0
29-04-2009;04;2009;autumn;M. edulis;PP;0
08-05-2009;05;2009;autumn;M. edulis;BBE;0
08-05-2009;05;2009;autumn;A. ater;BBE;0
08-05-2009;05;2009;autumn;M. edulis;BBF;0
08-05-2009;05;2009;autumn;M. edulis;PP;0
11-05-2009;05;2009;autumn;M. edulis;BBE;0
11-05-2009;05;2009;autumn;A. ater;BBE;0
11-05-2009;05;2009;autumn;M. edulis;BBF;0
11-05-2009;05;2009;autumn;M. edulis;PP;0
18-05-2009;05;2009;autumn;M. edulis;BBE;0
18-05-2009;05;2009;autumn;A. ater;BBE;0
18-05-2009;05;2009;autumn;M. edulis;BBF;0
18-05-2009;05;2009;autumn;M. edulis;PP;0
27-05-2009;05;2009;autumn;M. edulis;BBE;0
27-05-2009;05;2009;autumn;M. edulis;BBF;0
27-05-2009;05;2009;autumn;M. edulis;PP;0
29-05-2009;05;2009;autumn;A. ater;BBE;0
02-06-2009;06;2009;autumn;M. edulis;BBE;0
02-06-2009;06;2009;autumn;A. ater;BBE;0
02-06-2009;06;2009;autumn;M. edulis;BBF;0
02-06-2009;06;2009;autumn;M. edulis;PP;0
10-06-2009;06;2009;autumn;M. edulis;BBE;0
10-06-2009;06;2009;autumn;A. ater;BBE;0
10-06-2009;06;2009;autumn;M. edulis;BBF;0
10-06-2009;06;2009;autumn;M. edulis;PP;0
16-06-2009;06;2009;autumn;M. edulis;BBE;0
16-06-2009;06;2009;autumn;A. ater;BBE;0
16-06-2009;06;2009;autumn;M. edulis;BBF;0
16-06-2009;06;2009;autumn;M. edulis;PP;0
23-06-2009;06;2009;winter;A. ater;BBE;0
23-06-2009;06;2009;winter;M. edulis;BBF;0
23-06-2009;06;2009;winter;M. edulis;PP;0
24-06-2009;06;2009;winter;M. edulis;BBE;0
29-06-2009;06;2009;winter;A. ater;BBE;37
29-06-2009;06;2009;winter;M. edulis;BBE;0
29-06-2009;06;2009;winter;M. edulis;BBF;0
29-06-2009;06;2009;winter;M. edulis;PP;0
07-07-2009;07;2009;winter;M. edulis;BBE;0
07-07-2009;07;2009;winter;A. ater;BBE;0
07-07-2009;07;2009;winter;M. edulis;BBF;0
07-07-2009;07;2009;winter;M. edulis;PP;0
13-07-2009;07;2009;winter;M. edulis;BBE;0
13-07-2009;07;2009;winter;A. ater;BBE;0
13-07-2009;07;2009;winter;M. edulis;BBF;0
13-07-2009;07;2009;winter;M. edulis;PP;0
22-07-2009;07;2009;winter;A. ater;BBE;38
22-07-2009;07;2009;winter;M. edulis;BBE;0
22-07-2009;07;2009;winter;M. edulis;BBF;0
22-07-2009;07;2009;winter;M. edulis;PP;0
30-07-2009;07;2009;winter;M. edulis;BBE;0
30-07-2009;07;2009;winter;A. ater;BBE;0
30-07-2009;07;2009;winter;M. edulis;BBF;0
30-07-2009;07;2009;winter;M. edulis;PP;0
03-08-2009;08;2009;winter;M. edulis;BBE;0
03-08-2009;08;2009;winter;A. ater;BBE;0
03-08-2009;08;2009;winter;M. edulis;BBF;0
03-08-2009;08;2009;winter;M. edulis;PP;0
11-08-2009;08;2009;winter;M. edulis;BBE;0
11-08-2009;08;2009;winter;A. ater;BBE;0
11-08-2009;08;2009;winter;M. edulis;BBF;0
11-08-2009;08;2009;winter;M. edulis;PP;0
19-08-2009;08;2009;winter;M. edulis;BBE;0
19-08-2009;08;2009;winter;A. ater;BBE;0
19-08-2009;08;2009;winter;M. edulis;BBF;0
19-08-2009;08;2009;winter;M. edulis;PP;0
25-08-2009;08;2009;winter;M. edulis;BBE;0
25-08-2009;08;2009;winter;A. ater;BBE;0
25-08-2009;08;2009;winter;M. edulis;BBF;0
25-08-2009;08;2009;winter;M. edulis;PP;0
02-09-2009;09;2009;winter;M. edulis;BBE;0
02-09-2009;09;2009;winter;A. ater;BBE;0
02-09-2009;09;2009;winter;M. edulis;BBF;0
02-09-2009;09;2009;winter;M. edulis;PP;0
08-09-2009;09;2009;winter;M. edulis;BBE;0
08-09-2009;09;2009;winter;A. ater;BBE;0
08-09-2009;09;2009;winter;M. edulis;BBF;0
08-09-2009;09;2009;winter;M. edulis;PP;0
15-09-2009;09;2009;winter;M. edulis;BBE;0
15-09-2009;09;2009;winter;A. ater;BBE;0
15-09-2009;09;2009;winter;M. edulis;BBF;0
15-09-2009;09;2009;winter;M. edulis;PP;0
21-09-2009;09;2009;spring ;M. edulis;BBE;0
21-09-2009;09;2009;spring ;A. ater;BBE;0
21-09-2009;09;2009;spring ;M. edulis;BBF;0
21-09-2009;09;2009;spring ;M. edulis;PP;0
29-09-2009;09;2009;spring ;M. edulis;BBE;0
29-09-2009;09;2009;spring ;A. ater;BBE;0
29-09-2009;09;2009;spring ;M. edulis;BBF;0
29-09-2009;09;2009;spring ;M. edulis;PP;0
05-10-2009;10;2009;spring ;M. edulis;BBE;0
05-10-2009;10;2009;spring ;A. ater;BBE;0
05-10-2009;10;2009;spring ;M. edulis;BBF;0
05-10-2009;10;2009;spring ;M. edulis;PP;0
14-10-2009;10;2009;spring ;M. edulis;BBE;0
14-10-2009;10;2009;spring ;A. ater;BBE;0
14-10-2009;10;2009;spring ;M. edulis;BBF;0
14-10-2009;10;2009;spring ;M. edulis;PP;0
19-10-2009;10;2009;spring ;A. ater;BBE;43
19-10-2009;10;2009;spring ;M. edulis;BBE;43
19-10-2009;10;2009;spring ;M. edulis;BBF;0
19-10-2009;10;2009;spring ;M. edulis;PP;0
23-10-2009;10;2009;spring ;M. edulis;BBE;110
23-10-2009;10;2009;spring ;M. edulis;BBE;98
23-10-2009;10;2009;spring ;M. edulis;PP;37
27-10-2009;10;2009;spring ;A. ater;BBE;41
27-10-2009;10;2009;spring ;M. edulis;BBE;39
27-10-2009;10;2009;spring ;M. edulis;BBF;204
30-10-2009;10;2009;spring ;M. edulis;PP;34
02-11-2009;11;2009;spring ;M. edulis;BBE;265
02-11-2009;11;2009;spring ;A. ater;BBE;51
02-11-2009;11;2009;spring ;M. edulis;BBF;43
02-11-2009;11;2009;spring ;M. edulis;PP;54
10-11-2009;11;2009;spring ;M. edulis;BBE;695
10-11-2009;11;2009;spring ;A. ater;BBE;51
10-11-2009;11;2009;spring ;M. edulis;BBF;61
10-11-2009;11;2009;spring ;M. edulis;PP;48
16-11-2009;11;2009;spring ;M. edulis;BBE;1034
16-11-2009;11;2009;spring ;A. ater;BBE;54
16-11-2009;11;2009;spring ;M. edulis;BBF;53
16-11-2009;11;2009;spring ;M. edulis;PP;187
23-11-2009;11;2009;spring ;M. edulis;BBE;616
23-11-2009;11;2009;spring ;A. ater;BBE;144
23-11-2009;11;2009;spring ;M. edulis;BBF;54
23-11-2009;11;2009;spring ;M. edulis;PP;182
01-12-2009;12;2009;spring ;M. edulis;BBE;1650
01-12-2009;12;2009;spring ;A. ater;BBE;113
01-12-2009;12;2009;spring ;M. edulis;BBF;116
01-12-2009;12;2009;spring ;M. edulis;PP;216
09-12-2009;12;2009;spring ;M. edulis;BBE;1840
09-12-2009;12;2009;spring ;A. ater;BBE;90
09-12-2009;12;2009;spring ;M. edulis;BBF;129
09-12-2009;12;2009;spring ;M. edulis;PP;120
14-12-2009;12;2009;spring ;M. edulis;BBE;2196
14-12-2009;12;2009;spring ;A. ater;BBE;239
14-12-2009;12;2009;summer;M. edulis;BBF;125
14-12-2009;12;2009;spring ;M. edulis;PP;878
05-01-2010;01;2010;summer;M. edulis;BBE;894
05-01-2010;01;2010;summer;A. ater;BBE;495
05-01-2010;01;2010;summer;M. edulis;BBF;361
05-01-2010;01;2010;summer;M. edulis;PP;2690
22-01-2010;01;2010;summer;M. edulis;BBE;1426
22-01-2010;01;2010;summer;M. edulis;BBF;344
22-01-2010;01;2010;summer;M. edulis;PP;366
27-01-2010;01;2010;summer;M. edulis;BBE;2120
27-01-2010;01;2010;summer;A. ater;BBE;1371
27-01-2010;01;2010;summer;M. edulis;BBF;439
27-01-2010;01;2010;summer;M. edulis;PP;756
02-02-2010;02;2010;summer;M. edulis;BBE;2589
02-02-2010;02;2010;summer;A. ater;BBE;2361
02-02-2010;02;2010;summer;M. edulis;BBF;452
02-02-2010;02;2010;summer;M. edulis;PP;1737
08-02-2010;02;2010;summer;M. edulis;BBE;4291
08-02-2010;02;2010;summer;A. ater;BBE;2870
08-02-2010;02;2010;summer;M. edulis;BBF;711
08-02-2010;02;2010;summer;M. edulis;PP;3243
16-02-2010;02;2010;summer;A. ater;BBE;1417
16-02-2010;02;2010;summer;M. edulis;BBE;4628
16-02-2010;02;2010;summer;M. edulis;BBF;728
16-02-2010;02;2010;summer;M. edulis;PP;3133
22-02-2010;02;2010;summer;M. edulis;BBE;5601
22-02-2010;02;2010;summer;A. ater;BBE;4298
22-02-2010;02;2010;summer;M. edulis;BBF;1238
22-02-2010;02;2010;summer;M. edulis;PP;4511
02-03-2010;03;2010;summer;M. edulis;BBE;4525
02-03-2010;03;2010;summer;A. ater;BBE;1392
02-03-2010;03;2010;summer;M. edulis;BBF;643
02-03-2010;03;2010;summer;M. edulis;PP;1742
09-03-2010;03;2010;summer;M. edulis;BBE;3591
09-03-2010;03;2010;summer;A. ater;BBE;2041
09-03-2010;03;2010;summer;M. edulis;BBF;638
09-03-2010;03;2010;summer;M. edulis;PP;1897
16-03-2010;03;2010;summer;M. edulis;BBE;1791
16-03-2010;03;2010;summer;M. edulis;BBF;127
16-03-2010;03;2010;summer;M. edulis;PP;579
18-03-2010;03;2010;summer;A. ater;BBE;771
22-03-2010;03;2010;autumn;M. edulis;BBE;1921
22-03-2010;03;2010;autumn;A. ater;BBE;759
22-03-2010;03;2010;autumn;M. edulis;BBF;170
22-03-2010;03;2010;autumn;M. edulis;PP;723
30-03-2010;03;2010;autumn;M. edulis;BBE;1073
30-03-2010;03;2010;autumn;A. ater;BBE;376
30-03-2010;03;2010;autumn;M. edulis;BBF;51
30-03-2010;03;2010;autumn;M. edulis;PP;204
06-04-2010;04;2010;autumn;M. edulis;BBE;728
06-04-2010;04;2010;autumn;A. ater;BBE;337
06-04-2010;04;2010;autumn;M. edulis;BBF;68
06-04-2010;04;2010;autumn;M. edulis;PP;188
12-04-2010;04;2010;autumn;A. ater;BBE;435
12-04-2010;04;2010;autumn;M. edulis;BBE;353
12-04-2010;04;2010;autumn;M. edulis;BBF;43
12-04-2010;04;2010;autumn;M. edulis;PP;192
19-04-2010;04;2010;autumn;M. edulis;BBE;377
19-04-2010;04;2010;autumn;A. ater;BBE;347
19-04-2010;04;2010;autumn;M. edulis;BBF;45
19-04-2010;04;2010;autumn;M. edulis;PP;188
27-04-2010;04;2010;autumn;M. edulis;BBE;261
27-04-2010;04;2010;autumn;A. ater;BBE;195
27-04-2010;04;2010;autumn;M. edulis;BBF;39
27-04-2010;04;2010;autumn;M. edulis;PP;85
03-05-2010;05;2010;autumn;M. edulis;BBE;277
03-05-2010;05;2010;autumn;A. ater;BBE;170
03-05-2010;05;2010;autumn;M. edulis;BBF;50
03-05-2010;05;2010;autumn;M. edulis;PP;223
12-05-2010;05;2010;autumn;M. edulis;BBE;225
12-05-2010;05;2010;autumn;A. ater;BBE;185
12-05-2010;05;2010;autumn;M. edulis;BBF;47
12-05-2010;05;2010;autumn;M. edulis;PP;94
17-05-2010;05;2010;autumn;M. edulis;BBE;348
17-05-2010;05;2010;autumn;A. ater;BBE;264
17-05-2010;05;2010;autumn;M. edulis;BBF;57
17-05-2010;05;2010;autumn;M. edulis;PP;189
28-05-2010;05;2010;autumn;A. ater;BBE;260
28-05-2010;05;2010;autumn;M. edulis;BBE;228
28-05-2010;05;2010;autumn;M. edulis;BBF;46
28-05-2010;05;2010;autumn;M. edulis;PP;113
31-05-2010;05;2010;autumn;M. edulis;BBE;256
31-05-2010;05;2010;autumn;A. ater;BBE;209
31-05-2010;05;2010;autumn;M. edulis;BBF;72
31-05-2010;05;2010;autumn;M. edulis;PP;109
08-06-2010;06;2010;autumn;M. edulis;BBE;186
08-06-2010;06;2010;autumn;A. ater;BBE;98
08-06-2010;06;2010;autumn;M. edulis;BBF;47
08-06-2010;06;2010;autumn;M. edulis;PP;76
14-06-2010;06;2010;autumn;M. edulis;BBE;212
14-06-2010;06;2010;autumn;A. ater;BBE;100
14-06-2010;06;2010;autumn;M. edulis;BBF;46
14-06-2010;06;2010;autumn;M. edulis;PP;91
22-06-2010;06;2010;winter;M. edulis;BBE;130
22-06-2010;06;2010;winter;A. ater;BBE;98
22-06-2010;06;2010;winter;M. edulis;BBF;43
22-06-2010;06;2010;winter;M. edulis;PP;85
29-06-2010;06;2010;winter;M. edulis;BBE;114
29-06-2010;06;2010;winter;A. ater;BBE;79
29-06-2010;06;2010;winter;M. edulis;BBF;50
01-07-2010;07;2010;winter;M. edulis;PP;72
05-07-2010;07;2010;winter;M. edulis;BBE;182
05-07-2010;07;2010;winter;A. ater;BBE;120
05-07-2010;07;2010;winter;M. edulis;BBF;42
05-07-2010;07;2010;winter;M. edulis;PP;121
12-07-2010;07;2010;winter;M. edulis;BBE;149
12-07-2010;07;2010;winter;A. ater;BBE;78
12-07-2010;07;2010;winter;M. edulis;BBF;49
12-07-2010;07;2010;winter;M. edulis;PP;49
15-07-2010;07;2010;winter;M. edulis;PP;52
19-07-2010;07;2010;winter;A. ater;BBE;102
19-07-2010;07;2010;winter;M. edulis;BBE;62
19-07-2010;07;2010;winter;M. edulis;BBF;43
19-07-2010;07;2010;winter;M. edulis;PP;57
22-07-2010;07;2010;winter;A. ater;BBE;98
22-07-2010;07;2010;winter;M. edulis;BBE;57
22-07-2010;07;2010;winter;M. edulis;BBF;50
26-07-2010;07;2010;winter;A. ater;BBE;135
26-07-2010;07;2010;winter;M. edulis;BBE;60
26-07-2010;07;2010;winter;M. edulis;BBF;41
26-07-2010;07;2010;winter;M. edulis;PP;53
02-08-2010;08;2010;winter;A. ater;BBE;58
02-08-2010;08;2010;winter;M. edulis;BBE;55
02-08-2010;08;2010;winter;M. edulis;BBE;47
02-08-2010;08;2010;winter;M. edulis;BBF;43
02-08-2010;08;2010;winter;M. edulis;PP;49
09-08-2010;08;2010;winter;M. edulis;BBF;42
09-08-2010;08;2010;winter;M. edulis;PP;39
10-08-2010;08;2010;winter;M. edulis;BBE;60
10-08-2010;08;2010;winter;A. ater;BBE;48
17-08-2010;08;2010;winter;M. edulis;BBE;69
17-08-2010;08;2010;winter;A. ater;BBE;43
17-08-2010;08;2010;winter;M. edulis;BBF;36
17-08-2010;08;2010;winter;M. edulis;PP;51
23-08-2010;08;2010;winter;M. edulis;BBE;95
23-08-2010;08;2010;winter;A. ater;BBE;42
23-08-2010;08;2010;winter;M. edulis;BBF;40
23-08-2010;08;2010;winter;M. edulis;PP;53
01-09-2010;09;2010;winter;M. edulis;BBE;71
01-09-2010;09;2010;winter;A. ater;BBE;38
01-09-2010;09;2010;winter;M. edulis;BBF;0
01-09-2010;09;2010;winter;M. edulis;PP;41
04-09-2010;09;2010;winter;M. edulis;BBE;65
07-09-2010;09;2010;winter;M. edulis;BBE;71
07-09-2010;09;2010;winter;A. ater;BBE;42
07-09-2010;09;2010;winter;M. edulis;BBF;0
07-09-2010;09;2010;winter;M. edulis;PP;42
12-09-2010;09;2010;winter;M. edulis;BBF;90
14-09-2010;09;2010;winter;M. edulis;BBE;58
14-09-2010;09;2010;winter;A. ater;BBE;0
14-09-2010;09;2010;winter;M. edulis;BBF;144
14-09-2010;09;2010;winter;M. edulis;BBF;34
14-09-2010;09;2010;winter;M. edulis;PP;43
20-09-2010;09;2010;winter;M. edulis;BBE;66
20-09-2010;09;2010;winter;A. ater;BBE;42
20-09-2010;09;2010;winter;M. edulis;BBF;40
20-09-2010;09;2010;winter;M. edulis;PP;90
24-09-2010;09;2010;spring ;M. edulis;BBF;71
28-09-2010;09;2010;spring ;M. edulis;BBE;68
28-09-2010;09;2010;spring ;A. ater;BBE;44
28-09-2010;09;2010;spring ;M. edulis;BBF;71
28-09-2010;09;2010;spring ;M. edulis;BBF;43
28-09-2010;09;2010;spring ;M. edulis;PP;0
04-10-2010;10;2010;spring ;M. edulis;BBE;60
04-10-2010;10;2010;spring ;A. ater;BBE;44
04-10-2010;10;2010;spring ;M. edulis;BBF;0
04-10-2010;10;2010;spring ;M. edulis;PP;44
06-10-2010;10;2010;spring ;M. edulis;BBF;62
12-10-2010;10;2010;spring ;M. edulis;BBF;37
13-10-2010;10;2010;spring ;M. edulis;BBE;65
13-10-2010;10;2010;spring ;A. ater;BBE;43
13-10-2010;10;2010;spring ;M. edulis;BBF;0
13-10-2010;10;2010;spring ;M. edulis;PP;67
18-10-2010;10;2010;spring ;M. edulis;BBE;49
18-10-2010;10;2010;spring ;A. ater;BBE;43
18-10-2010;10;2010;spring ;M. edulis;BBF;51
18-10-2010;10;2010;spring ;M. edulis;PP;36
26-10-2010;10;2010;spring ;M. edulis;BBE;44
26-10-2010;10;2010;spring ;A. ater;BBE;44
26-10-2010;10;2010;spring ;M. edulis;BBF;0
01-11-2010;11;2010;spring ;A. ater;BBE;45
01-11-2010;11;2010;spring ;M. edulis;BBE;45
01-11-2010;11;2010;spring ;M. edulis;BBF;44
01-11-2010;11;2010;spring ;M. edulis;PP;45
08-11-2010;11;2010;spring ;M. edulis;BBE;58
08-11-2010;11;2010;spring ;A. ater;BBE;36
08-11-2010;11;2010;spring ;M. edulis;BBF;0
08-11-2010;11;2010;spring ;M. edulis;PP;43
11-11-2010;11;2010;spring ;M. edulis;BBE;95
16-11-2010;11;2010;spring ;M. edulis;BBE;83
16-11-2010;11;2010;spring ;A. ater;BBE;43
16-11-2010;11;2010;spring ;M. edulis;BBF;40
16-11-2010;11;2010;spring ;M. edulis;PP;53
23-11-2010;11;2010;spring ;M. edulis;BBE;60
23-11-2010;11;2010;spring ;A. ater;BBE;47
23-11-2010;11;2010;spring ;M. edulis;BBF;36
23-11-2010;11;2010;spring ;M. edulis;PP;42
29-11-2010;11;2010;spring ;M. edulis;BBE;56
29-11-2010;11;2010;spring ;A. ater;BBE;55
29-11-2010;11;2010;spring ;M. edulis;BBF;43
06-12-2010;12;2010;spring ;M. edulis;BBE;64
06-12-2010;12;2010;spring ;A. ater;BBE;54
06-12-2010;12;2010;spring ;M. edulis;BBF;37
06-12-2010;12;2010;spring ;M. edulis;PP;43
14-12-2010;12;2010;spring ;M. edulis;BBE;212
16-12-2010;12;2010;spring ;A. ater;BBE;139
16-12-2010;12;2010;spring ;M. edulis;BBF;41
16-12-2010;12;2010;spring ;M. edulis;PP;49
22-12-2010;12;2010;summer;M. edulis;BBE;307
22-12-2010;12;2010;summer;A. ater;BBE;130
22-12-2010;12;2010;summer;M. edulis;BBF;49
22-12-2010;12;2010;summer;M. edulis;PP;77
27-12-2010;12;2010;summer;M. edulis;BBE;438
27-12-2010;12;2010;summer;A. ater;BBE;163
04-01-2011;01;2011;summer;A. ater;BBE;132
04-01-2011;01;2011;summer;M. edulis;BBE;40
04-01-2011;01;2011;summer;M. edulis;BBF;260
04-01-2011;01;2011;summer;M. edulis;PP;132
10-01-2011;01;2011;summer;M. edulis;BBE;364
10-01-2011;01;2011;summer;A. ater;BBE;177
10-01-2011;01;2011;summer;M. edulis;BBF;44
10-01-2011;01;2011;summer;M. edulis;PP;58
18-01-2011;01;2011;summer;M. edulis;BBE;330
18-01-2011;01;2011;summer;A. ater;BBE;112
18-01-2011;01;2011;summer;M. edulis;BBF;41
18-01-2011;01;2011;summer;M. edulis;PP;152
25-01-2011;01;2011;summer;M. edulis;BBE;272
25-01-2011;01;2011;summer;A. ater;BBE;123
25-01-2011;01;2011;summer;M. edulis;BBF;55
25-01-2011;01;2011;summer;M. edulis;PP;436
01-02-2011;02;2011;summer;A. ater;BBE;243
01-02-2011;02;2011;summer;M. edulis;BBE;178
01-02-2011;02;2011;summer;M. edulis;BBF;60
01-02-2011;02;2011;summer;M. edulis;PP;181
07-02-2011;02;2011;summer;A. ater;BBE;241
07-02-2011;02;2011;summer;M. edulis;BBE;195
07-02-2011;02;2011;summer;M. edulis;BBF;47
07-02-2011;02;2011;summer;M. edulis;PP;744
15-02-2011;02;2011;summer;M. edulis;BBE;626
15-02-2011;02;2011;summer;A. ater;BBE;400
15-02-2011;02;2011;summer;M. edulis;BBF;102
15-02-2011;02;2011;summer;M. edulis;PP;47
22-02-2011;02;2011;summer;M. edulis;BBE;2928
22-02-2011;02;2011;summer;A. ater;BBE;1878
22-02-2011;02;2011;summer;M. edulis;BBF;589
22-02-2011;02;2011;summer;M. edulis;PP;3572
01-03-2011;03;2011;summer;A. ater;BBE;2305
01-03-2011;03;2011;summer;M. edulis;BBE;1805
01-03-2011;03;2011;summer;M. edulis;BBF;492
01-03-2011;03;2011;summer;M. edulis;PP;313
09-03-2011;03;2011;summer;M. edulis;BBE;934
09-03-2011;03;2011;summer;A. ater;BBE;333
09-03-2011;03;2011;summer;M. edulis;BBF;231
09-03-2011;03;2011;summer;M. edulis;PP;951
14-03-2011;03;2011;summer;A. ater;BBE;362
14-03-2011;03;2011;summer;M. edulis;BBE;358
14-03-2011;03;2011;summer;M. edulis;BBF;212
14-03-2011;03;2011;summer;M. edulis;PP;977
21-03-2011;03;2011;autumn;M. edulis;BBE;890
21-03-2011;03;2011;autumn;A. ater;BBE;810
21-03-2011;03;2011;autumn;M. edulis;BBF;840
21-03-2011;03;2011;autumn;M. edulis;PP;810
05-04-2011;04;2011;autumn;A. ater;BBE;481
05-04-2011;04;2011;autumn;M. edulis;BBE;313
05-04-2011;04;2011;autumn;M. edulis;BBF;177
05-04-2011;04;2011;autumn;M. edulis;PP;496
12-04-2011;04;2011;autumn;A. ater;BBE;608
12-04-2011;04;2011;autumn;M. edulis;BBE;165
12-04-2011;04;2011;autumn;M. edulis;BBF;48
12-04-2011;04;2011;autumn;M. edulis;PP;63
18-04-2011;04;2011;autumn;M. edulis;BBE;274
18-04-2011;04;2011;autumn;A. ater;BBE;156
18-04-2011;04;2011;autumn;M. edulis;BBF;54
18-04-2011;04;2011;autumn;M. edulis;PP;171
25-04-2011;04;2011;autumn;A. ater;BBE;520
25-04-2011;04;2011;autumn;M. edulis;BBE;366
25-04-2011;04;2011;autumn;M. edulis;BBF;84
03-05-2011;05;2011;autumn;A. ater;BBE;472
03-05-2011;05;2011;autumn;M. edulis;BBF;89
06-05-2011;05;2011;autumn;M. edulis;BBE;390
10-05-2011;05;2011;autumn;A. ater;BBE;390
10-05-2011;05;2011;autumn;M. edulis;BBE;359
10-05-2011;05;2011;autumn;M. edulis;BBF;66
10-05-2011;05;2011;autumn;M. edulis;PP;47
17-05-2011;05;2011;autumn;A. ater;BBE;255
17-05-2011;05;2011;autumn;M. edulis;BBE;192
17-05-2011;05;2011;autumn;M. edulis;BBF;46
17-05-2011;05;2011;autumn;M. edulis;PP;45
24-05-2011;05;2011;autumn;A. ater;BBE;220
24-05-2011;05;2011;autumn;M. edulis;BBE;100
24-05-2011;05;2011;autumn;M. edulis;BBF;43
24-05-2011;05;2011;autumn;M. edulis;PP;45
30-05-2011;05;2011;autumn;A. ater;BBE;309
30-05-2011;05;2011;autumn;M. edulis;BBE;91
30-05-2011;05;2011;autumn;M. edulis;BBF;59
30-05-2011;05;2011;autumn;M. edulis;PP;42
06-06-2011;06;2011;autumn;A. ater;BBE;65
06-06-2011;06;2011;autumn;M. edulis;BBE;56
06-06-2011;06;2011;autumn;M. edulis;BBF;41
06-06-2011;06;2011;autumn;M. edulis;PP;40
04-07-2011;07;2011;winter;M. edulis;BBF;40
04-07-2011;07;2011;winter;M. edulis;PP;37
05-07-2011;07;2011;winter;A. ater;BBE;184
05-07-2011;07;2011;winter;A. ater;BBE;53
05-07-2011;07;2011;winter;M. edulis;BBE;49
14-07-2011;07;2011;winter;A. ater;BBE;45
14-07-2011;07;2011;winter;M. edulis;BBE;36
14-07-2011;07;2011;winter;M. edulis;BBF;52
14-07-2011;07;2011;winter;M. edulis;PP;41
18-07-2011;07;2011;winter;A. ater;BBE;46
18-07-2011;07;2011;winter;M. edulis;BBE;44
18-07-2011;07;2011;winter;M. edulis;BBF;40
18-07-2011;07;2011;winter;M. edulis;PP;0
20-07-2011;07;2011;winter;A. ater;BBE;128
20-07-2011;07;2011;winter;A. ater;BBE;72
26-07-2011;07;2011;winter;M. edulis;BBE;49
26-07-2011;07;2011;winter;A. ater;BBE;46
26-07-2011;07;2011;winter;M. edulis;BBF;39
26-07-2011;07;2011;winter;M. edulis;PP;37
01-08-2011;08;2011;winter;M. edulis;BBF;0
01-08-2011;08;2011;winter;M. edulis;PP;37
03-08-2011;08;2011;winter;A. ater;BBE;101
03-08-2011;08;2011;winter;M. edulis;BBE;55
16-08-2011;08;2011;winter;A. ater;BBE;63
16-08-2011;08;2011;winter;M. edulis;BBE;50
16-08-2011;08;2011;winter;M. edulis;BBF;38
16-08-2011;08;2011;winter;M. edulis;PP;0
19-08-2011;08;2011;winter;A. ater;BBE;55
23-08-2011;08;2011;winter;A. ater;BBE;57
23-08-2011;08;2011;winter;M. edulis;BBE;42
23-08-2011;08;2011;winter;M. edulis;BBF;39
26-08-2011;08;2011;winter;M. edulis;PP;0
29-08-2011;08;2011;winter;A. ater;BBE;46
29-08-2011;08;2011;winter;M. edulis;BBE;44
29-08-2011;08;2011;winter;M. edulis;BBF;0
29-08-2011;08;2011;winter;M. edulis;PP;0
06-09-2011;09;2011;winter;A. ater;BBE;46
06-09-2011;09;2011;winter;M. edulis;BBE;44
06-09-2011;09;2011;winter;M. edulis;BBF;0
06-09-2011;09;2011;winter;M. edulis;PP;36
12-09-2011;09;2011;winter;M. edulis;BBF;0
12-09-2011;09;2011;winter;M. edulis;PP;0
13-09-2011;09;2011;winter;A. ater;BBE;48
13-09-2011;09;2011;winter;M. edulis;BBF;42
19-09-2011;09;2011;winter;A. ater;BBE;45
19-09-2011;09;2011;winter;M. edulis;BBE;41
19-09-2011;09;2011;winter;M. edulis;BBF;0
19-09-2011;09;2011;winter;M. edulis;PP;0
27-09-2011;09;2011;spring ;M. edulis;BBE;420
27-09-2011;09;2011;spring ;A. ater;BBE;399
27-09-2011;09;2011;spring ;M. edulis;BBF;0
27-09-2011;09;2011;spring ;M. edulis;PP;0
04-10-2011;10;2011;spring ;A. ater;BBE;43
04-10-2011;10;2011;spring ;M. edulis;BBE;39
04-10-2011;10;2011;spring ;M. edulis;BBF;0
04-10-2011;10;2011;spring ;M. edulis;PP;0
11-10-2011;10;2011;spring ;A. ater;BBE;63
11-10-2011;10;2011;spring ;M. edulis;BBE;0
11-10-2011;10;2011;spring ;M. edulis;BBF;46
11-10-2011;10;2011;spring ;M. edulis;PP;0
24-10-2011;10;2011;spring ;A. ater;BBE;68
24-10-2011;10;2011;spring ;M. edulis;BBE;44
24-10-2011;10;2011;spring ;M. edulis;BBF;0
25-10-2011;10;2011;spring ;M. edulis;PP;0
11-11-2011;11;2011;spring ;M. edulis;BBF;0
11-11-2011;11;2011;spring ;M. edulis;PP;0
15-11-2011;11;2011;spring ;A. ater;BBE;50
15-11-2011;11;2011;spring ;M. edulis;BBE;44
15-11-2011;11;2011;spring ;M. edulis;BBF;0
15-11-2011;11;2011;spring ;M. edulis;PP;0
23-11-2011;11;2011;spring ;A. ater;BBE;43
23-11-2011;11;2011;spring ;M. edulis;BBE;42
23-11-2011;11;2011;spring ;M. edulis;BBF;0
23-11-2011;11;2011;spring ;M. edulis;PP;0
30-11-2011;11;2011;spring ;M. edulis;BBF;0
30-11-2011;11;2011;spring ;M. edulis;PP;0
02-12-2011;12;2011;spring ;A. ater;BBE;51
02-12-2011;12;2011;spring ;M. edulis;BBE;41
06-12-2011;12;2011;spring ;A. ater;BBE;45
06-12-2011;12;2011;spring ;M. edulis;BBE;43
06-12-2011;12;2011;spring ;M. edulis;BBF;0
06-12-2011;12;2011;spring ;M. edulis;PP;0
13-12-2011;12;2011;spring ;M. edulis;BBE;63
13-12-2011;12;2011;spring ;A. ater;BBE;46
13-12-2011;12;2011;spring ;M. edulis;BBF;43
13-12-2011;12;2011;spring ;M. edulis;PP;0
20-12-2011;12;2011;spring ;A. ater;BBE;110
20-12-2011;12;2011;spring ;M. edulis;BBE;49
20-12-2011;12;2011;spring ;M. edulis;BBF;41
20-12-2011;12;2011;spring ;M. edulis;PP;0
27-12-2011;12;2011;summer;A. ater;BBE;55
27-12-2011;12;2011;summer;M. edulis;BBE;0
27-12-2011;12;2011;summer;M. edulis;PP;0
22-02-2012;02;2012;summer;A. ater;BBE;44
22-02-2012;02;2012;summer;M. edulis;BBE;40
22-02-2012;02;2012;summer;M. edulis;BBF;0
22-02-2012;02;2012;summer;M. edulis;PP;0
29-02-2012;02;2012;summer;M. edulis;BBF;0
29-02-2012;02;2012;summer;M. edulis;PP;0
05-03-2012;03;2012;summer;M. edulis;BBE;0
05-03-2012;03;2012;summer;A. ater;BBE;0
05-03-2012;03;2012;summer;M. edulis;BBF;0
05-03-2012;03;2012;summer;M. edulis;PP;0
12-03-2012;03;2012;summer;M. edulis;BBE;0
12-03-2012;03;2012;summer;A. ater;BBE;0
12-03-2012;03;2012;summer;M. edulis;BBF;0
12-03-2012;03;2012;summer;M. edulis;PP;0
26-03-2012;03;2012;autumn;A. ater;BBE;40
26-03-2012;03;2012;autumn;M. edulis;BBE;0
26-03-2012;03;2012;autumn;M. edulis;BBF;0
26-03-2012;03;2012;autumn;M. edulis;PP;0
03-04-2012;04;2012;autumn;A. ater;BBE;40
03-04-2012;04;2012;autumn;M. edulis;BBE;0
04-04-2012;04;2012;autumn;M. edulis;BBF;0
04-04-2012;04;2012;autumn;M. edulis;PP;0
16-04-2012;04;2012;autumn;A. ater;BBE;40
16-04-2012;04;2012;autumn;M. edulis;BBE;0
16-04-2012;04;2012;autumn;M. edulis;BBF;0
23-04-2012;04;2012;autumn;M. edulis;BBE;0
23-04-2012;04;2012;autumn;A. ater;BBE;0
23-04-2012;04;2012;autumn;M. edulis;BBF;0
23-04-2012;04;2012;autumn;M. edulis;PP;0
07-05-2012;05;2012;autumn;A. ater;BBE;42
07-05-2012;05;2012;autumn;M. edulis;BBE;0
07-05-2012;05;2012;autumn;M. edulis;BBF;0
07-05-2012;05;2012;autumn;M. edulis;PP;0
15-05-2012;05;2012;autumn;A. ater;BBE;36
15-05-2012;05;2012;autumn;M. edulis;BBE;0
15-05-2012;05;2012;autumn;M. edulis;BBF;0
29-05-2012;05;2012;autumn;A. ater;BBE;43
29-05-2012;05;2012;autumn;M. edulis;BBE;0
29-05-2012;05;2012;autumn;M. edulis;BBF;0
29-05-2012;05;2012;autumn;M. edulis;PP;0
25-06-2012;06;2012;winter;M. edulis;BBE;0
25-06-2012;06;2012;winter;A. ater;BBE;0
25-06-2012;06;2012;winter;M. edulis;BBF;0
25-06-2012;06;2012;winter;M. edulis;PP;0
02-07-2012;07;2012;winter;M. edulis;BBE;0
02-07-2012;07;2012;winter;A. ater;BBE;0
02-07-2012;07;2012;winter;M. edulis;BBF;0
29-07-2012;07;2012;winter;M. edulis;BBE;0
29-07-2012;07;2012;winter;A. ater;BBE;0
29-07-2012;07;2012;winter;M. edulis;BBF;0
29-07-2012;07;2012;winter;M. edulis;PP;0
09-08-2012;08;2012;winter;M. edulis;BBE;0
09-08-2012;08;2012;winter;A. ater;BBE;0
09-08-2012;08;2012;winter;M. edulis;BBF;0
11-09-2012;09;2012;winter;M. edulis;BBE;0
11-09-2012;09;2012;winter;A. ater;BBE;0
11-09-2012;09;2012;winter;M. edulis;BBF;0
17-09-2012;09;2012;winter;M. edulis;BBE;0
17-09-2012;09;2012;winter;A. ater;BBE;0
17-09-2012;09;2012;winter;M. edulis;BBF;0
17-09-2012;09;2012;winter;M. edulis;PP;0
26-09-2012;09;2012;spring ;M. edulis;BBE;0
26-09-2012;09;2012;spring ;A. ater;BBE;0
26-09-2012;09;2012;spring ;M. edulis;BBF;0
26-09-2012;09;2012;spring ;M. edulis;PP;0
02-10-2012;10;2012;spring ;M. edulis;BBF;0
02-10-2012;10;2012;spring ;M. edulis;PP;0
05-10-2012;10;2012;spring ;M. edulis;BBE;0
05-10-2012;10;2012;spring ;A. ater;BBE;0
10-10-2012;10;2012;spring ;M. edulis;BBE;0
10-10-2012;10;2012;spring ;A. ater;BBE;0
10-10-2012;10;2012;spring ;M. edulis;BBF;0
16-10-2012;10;2012;spring ;M. edulis;BBE;0
16-10-2012;10;2012;spring ;A. ater;BBE;0
16-10-2012;10;2012;spring ;M. edulis;BBF;0
16-10-2012;10;2012;spring ;M. edulis;PP;0
25-10-2012;10;2012;spring ;M. edulis;BBF;0
25-10-2012;10;2012;spring ;M. edulis;PP;0
30-10-2012;10;2012;spring ;A. ater;BBE;41
30-10-2012;10;2012;spring ;M. edulis;BBE;35
30-10-2012;10;2012;spring ;M. edulis;BBF;0
30-10-2012;10;2012;spring ;M. edulis;PP;0
05-11-2012;11;2012;spring ;A. ater;BBE;44
05-11-2012;11;2012;spring ;M. edulis;BBE;39
05-11-2012;11;2012;spring ;M. edulis;BBF;0
05-11-2012;11;2012;spring ;M. edulis;PP;0
12-11-2012;11;2012;spring ;A. ater;BBE;45
12-11-2012;11;2012;spring ;M. edulis;BBE;41
12-11-2012;11;2012;spring ;M. edulis;BBF;0
12-11-2012;11;2012;spring ;M. edulis;PP;0
19-11-2012;11;2012;spring ;M. edulis;BBF;0
19-11-2012;11;2012;spring ;M. edulis;PP;0
27-11-2012;11;2012;spring ;M. edulis;BBF;0
27-11-2012;11;2012;spring ;M. edulis;PP;0
28-11-2012;11;2012;spring ;A. ater;BBE;36
28-11-2012;11;2012;spring ;M. edulis;BBE;0
04-12-2012;12;2012;spring ;A. ater;BBE;38
04-12-2012;12;2012;spring ;M. edulis;BBE;0
04-12-2012;12;2012;spring ;M. edulis;BBF;0
04-12-2012;12;2012;spring ;M. edulis;PP;0
09-12-2012;12;2012;spring ;M. edulis;BBF;36
09-12-2012;12;2012;spring ;M. edulis;PP;36
10-12-2012;12;2012;spring ;A. ater;BBE;67
10-12-2012;12;2012;spring ;M. edulis;BBE;45
17-12-2012;12;2012;spring ;M. edulis;BBE;57
17-12-2012;12;2012;spring ;A. ater;BBE;51
17-12-2012;12;2012;spring ;M. edulis;BBF;41
17-12-2012;12;2012;spring ;M. edulis;PP;68
27-12-2012;12;2012;summer;A. ater;BBE;146
27-12-2012;12;2012;summer;M. edulis;BBE;68
27-12-2012;12;2012;summer;M. edulis;BBF;41
27-12-2012;12;2012;summer;M. edulis;PP;43
07-01-2013;01;2013;summer;A. ater;BBE;125
07-01-2013;01;2013;summer;M. edulis;BBE;120
07-01-2013;01;2013;summer;M. edulis;BBF;0
07-01-2013;01;2013;summer;M. edulis;PP;36
14-01-2013;01;2013;summer;M. edulis;BBF;47
14-01-2013;01;2013;summer;M. edulis;PP;133
15-01-2013;01;2013;summer;A. ater;BBE;1127
15-01-2013;01;2013;summer;M. edulis;BBE;424
22-01-2013;01;2013;summer;A. ater;BBE;2496
22-01-2013;01;2013;summer;M. edulis;BBE;1537
22-01-2013;01;2013;summer;M. edulis;BBF;40
22-01-2013;01;2013;summer;M. edulis;PP;133
28-01-2013;01;2013;summer;M. edulis;BBF;47
28-01-2013;01;2013;summer;M. edulis;PP;103
29-01-2013;01;2013;summer;A. ater;BBE;3903
29-01-2013;01;2013;summer;M. edulis;BBE;2843
05-02-2013;02;2013;summer;A. ater;BBE;2277
05-02-2013;02;2013;summer;M. edulis;BBE;1769
05-02-2013;02;2013;summer;M. edulis;BBF;57
05-02-2013;02;2013;summer;M. edulis;PP;68
13-02-2013;02;2013;summer;A. ater;BBE;1561
13-02-2013;02;2013;summer;M. edulis;BBE;1204
13-02-2013;02;2013;summer;M. edulis;BBF;307
13-02-2013;02;2013;summer;M. edulis;PP;49
19-02-2013;02;2013;summer;A. ater;BBE;878
19-02-2013;02;2013;summer;M. edulis;BBE;384
19-02-2013;02;2013;summer;M. edulis;BBF;36
19-02-2013;02;2013;summer;M. edulis;PP;46
25-02-2013;02;2013;summer;A. ater;BBE;626
25-02-2013;02;2013;summer;M. edulis;BBE;204
25-02-2013;02;2013;summer;M. edulis;BBF;36
25-02-2013;02;2013;summer;M. edulis;PP;57
04-03-2013;03;2013;summer;M. edulis;BBF;0
04-03-2013;03;2013;summer;M. edulis;PP;44
05-03-2013;03;2013;summer;A. ater;BBE;637
05-03-2013;03;2013;summer;M. edulis;BBE;337
05-03-2013;03;2013;summer;M. edulis;BBF;43
11-03-2013;03;2013;summer;A. ater;BBE;849
11-03-2013;03;2013;summer;M. edulis;BBE;818
11-03-2013;03;2013;summer;M. edulis;BBF;0
11-03-2013;03;2013;summer;M. edulis;PP;120
18-03-2013;03;2013;summer;A. ater;BBE;860
18-03-2013;03;2013;summer;M. edulis;BBE;438
18-03-2013;03;2013;summer;M. edulis;BBF;60
18-03-2013;03;2013;summer;M. edulis;PP;94
26-03-2013;03;2013;autumn;A. ater;BBE;1079
26-03-2013;03;2013;autumn;M. edulis;BBE;522
26-03-2013;03;2013;autumn;M. edulis;BBF;56
26-03-2013;03;2013;autumn;M. edulis;PP;46
02-04-2013;04;2013;autumn;A. ater;BBE;834
02-04-2013;04;2013;autumn;M. edulis;BBE;398
02-04-2013;04;2013;autumn;M. edulis;BBF;227
03-04-2013;04;2013;autumn;M. edulis;PP;45
09-04-2013;04;2013;autumn;A. ater;BBE;501
09-04-2013;04;2013;autumn;M. edulis;BBE;454
09-04-2013;04;2013;autumn;M. edulis;BBF;133
09-04-2013;04;2013;autumn;M. edulis;PP;50
16-04-2013;04;2013;autumn;A. ater;BBE;390
16-04-2013;04;2013;autumn;M. edulis;BBE;267
16-04-2013;04;2013;autumn;M. edulis;BBF;94
16-04-2013;04;2013;autumn;M. edulis;PP;39
22-04-2013;04;2013;autumn;A. ater;BBE;481
22-04-2013;04;2013;autumn;M. edulis;BBE;181
22-04-2013;04;2013;autumn;M. edulis;BBF;90
22-04-2013;04;2013;autumn;M. edulis;PP;39
30-04-2013;04;2013;autumn;A. ater;BBE;298
30-04-2013;04;2013;autumn;M. edulis;BBE;188
30-04-2013;04;2013;autumn;M. edulis;BBF;43
30-04-2013;04;2013;autumn;M. edulis;PP;39
07-05-2013;05;2013;autumn;A. ater;BBE;313
07-05-2013;05;2013;autumn;M. edulis;BBE;120
07-05-2013;05;2013;autumn;M. edulis;BBF;44
13-05-2013;05;2013;autumn;A. ater;BBE;267
13-05-2013;05;2013;autumn;M. edulis;BBE;102
13-05-2013;05;2013;autumn;M. edulis;BBF;46
13-05-2013;05;2013;autumn;M. edulis;PP;58
20-05-2013;05;2013;autumn;A. ater;BBE;212
20-05-2013;05;2013;autumn;M. edulis;BBE;102
20-05-2013;05;2013;autumn;M. edulis;BBF;41
27-05-2013;05;2013;autumn;A. ater;BBE;250
27-05-2013;05;2013;autumn;M. edulis;BBE;100
27-05-2013;05;2013;autumn;M. edulis;BBF;36
27-05-2013;05;2013;autumn;M. edulis;PP;36
04-06-2013;06;2013;autumn;A. ater;BBE;148
04-06-2013;06;2013;autumn;M. edulis;BBE;61
04-06-2013;06;2013;autumn;M. edulis;BBF;36
04-06-2013;06;2013;autumn;M. edulis;PP;37
11-06-2013;06;2013;autumn;A. ater;BBE;94
11-06-2013;06;2013;autumn;M. edulis;BBE;58
11-06-2013;06;2013;autumn;M. edulis;BBF;0
11-06-2013;06;2013;autumn;M. edulis;PP;0
15-06-2013;06;2013;autumn;A. ater;BBE;143
15-06-2013;06;2013;autumn;M. edulis;BBE;45
15-06-2013;06;2013;autumn;M. edulis;BBF;40
15-06-2013;06;2013;autumn;M. edulis;PP;45
24-06-2013;06;2013;winter;A. ater;BBE;133
24-06-2013;06;2013;winter;M. edulis;BBE;67
24-06-2013;06;2013;winter;M. edulis;BBF;36
24-06-2013;06;2013;winter;M. edulis;PP;0
03-07-2013;07;2013;winter;A. ater;BBE;87
03-07-2013;07;2013;winter;M. edulis;BBE;46
03-07-2013;07;2013;winter;M. edulis;BBF;39
08-07-2013;07;2013;winter;A. ater;BBE;55
08-07-2013;07;2013;winter;M. edulis;BBE;42
08-07-2013;07;2013;winter;M. edulis;BBF;0
08-07-2013;07;2013;winter;M. edulis;PP;0
15-07-2013;07;2013;winter;A. ater;BBE;63
15-07-2013;07;2013;winter;M. edulis;BBE;48
15-07-2013;07;2013;winter;M. edulis;BBF;41
22-07-2013;07;2013;winter;M. edulis;BBF;0
22-07-2013;07;2013;winter;M. edulis;PP;37
23-07-2013;07;2013;winter;A. ater;BBE;65
23-07-2013;07;2013;winter;M. edulis;BBE;41
29-07-2013;07;2013;winter;A. ater;BBE;60
29-07-2013;07;2013;winter;M. edulis;BBE;48
29-07-2013;07;2013;winter;M. edulis;BBF;0
29-07-2013;07;2013;winter;M. edulis;PP;0
05-08-2013;08;2013;winter;A. ater;BBE;60
05-08-2013;08;2013;winter;M. edulis;BBE;41
05-08-2013;08;2013;winter;M. edulis;BBF;0
05-08-2013;08;2013;winter;M. edulis;PP;0
12-08-2013;08;2013;winter;A. ater;BBE;43
12-08-2013;08;2013;winter;M. edulis;BBE;41
12-08-2013;08;2013;winter;M. edulis;BBF;0
12-08-2013;08;2013;winter;M. edulis;PP;0
20-08-2013;08;2013;winter;M. edulis;BBF;0
22-08-2013;08;2013;winter;M. edulis;PP;0
26-08-2013;08;2013;winter;A. ater;BBE;47
26-08-2013;08;2013;winter;M. edulis;BBE;44
26-08-2013;08;2013;winter;M. edulis;BBF;0
26-08-2013;08;2013;winter;M. edulis;PP;0
02-09-2013;09;2013;winter;A. ater;BBE;51
02-09-2013;09;2013;winter;M. edulis;BBE;40
02-09-2013;09;2013;winter;M. edulis;BBF;0
02-09-2013;09;2013;winter;M. edulis;PP;0
09-09-2013;09;2013;winter;A. ater;BBE;43
09-09-2013;09;2013;winter;M. edulis;BBE;40
09-09-2013;09;2013;winter;M. edulis;BBF;0
09-09-2013;09;2013;winter;M. edulis;PP;0
16-09-2013;09;2013;winter;A. ater;BBE;47
16-09-2013;09;2013;winter;M. edulis;BBE;43
16-09-2013;09;2013;winter;M. edulis;BBF;0
16-09-2013;09;2013;winter;M. edulis;PP;0
23-09-2013;09;2013;spring ;A. ater;BBE;40
23-09-2013;09;2013;spring ;M. edulis;BBF;0
23-09-2013;09;2013;spring ;M. edulis;PP;0
30-09-2013;09;2013;spring ;A. ater;BBE;39
30-09-2013;09;2013;spring ;M. edulis;BBE;0
30-09-2013;09;2013;spring ;M. edulis;BBF;40
30-09-2013;09;2013;spring ;M. edulis;PP;0
07-10-2013;10;2013;spring ;A. ater;BBE;41
07-10-2013;10;2013;spring ;M. edulis;BBE;38
07-10-2013;10;2013;spring ;M. edulis;BBF;0
07-10-2013;10;2013;spring ;M. edulis;PP;0
15-10-2013;10;2013;spring ;A. ater;BBE;38
15-10-2013;10;2013;spring ;M. edulis;BBE;0
16-10-2013;10;2013;spring ;M. edulis;BBF;0
16-10-2013;10;2013;spring ;M. edulis;PP;0
22-10-2013;10;2013;spring ;M. edulis;BBE;0
22-10-2013;10;2013;spring ;A. ater;BBE;0
22-10-2013;10;2013;spring ;M. edulis;BBF;0
22-10-2013;10;2013;spring ;M. edulis;PP;0
28-10-2013;10;2013;spring ;A. ater;BBE;41
28-10-2013;10;2013;spring ;M. edulis;BBE;0
28-10-2013;10;2013;spring ;M. edulis;BBF;0
28-10-2013;10;2013;spring ;M. edulis;PP;0
04-11-2013;11;2013;spring ;A. ater;BBE;36
04-11-2013;11;2013;spring ;M. edulis;BBE;0
04-11-2013;11;2013;spring ;M. edulis;BBF;0
04-11-2013;11;2013;spring ;M. edulis;PP;0
11-11-2013;11;2013;spring ;M. edulis;BBE;0
11-11-2013;11;2013;spring ;A. ater;BBE;0
11-11-2013;11;2013;spring ;M. edulis;BBF;0
16-11-2013;11;2013;spring ;M. edulis;BBF;0
16-11-2013;11;2013;spring ;M. edulis;PP;0
21-11-2013;11;2013;spring ;A. ater;BBE;36
21-11-2013;11;2013;spring ;M. edulis;BBE;0
25-11-2013;11;2013;spring ;A. ater;BBE;3
25-11-2013;11;2013;spring ;M. edulis;BBE;0
25-11-2013;11;2013;spring ;M. edulis;BBF;0
25-11-2013;11;2013;spring ;M. edulis;PP;0
02-12-2013;12;2013;spring ;M. edulis;BBE;37
02-12-2013;12;2013;spring ;A. ater;BBE;36
02-12-2013;12;2013;spring ;M. edulis;BBF;0
02-12-2013;12;2013;spring ;M. edulis;PP;0
09-12-2013;12;2013;spring ;A. ater;BBE;40
09-12-2013;12;2013;spring ;M. edulis;BBE;38
09-12-2013;12;2013;spring ;M. edulis;BBF;38
16-12-2013;12;2013;spring ;A. ater;BBE;36
16-12-2013;12;2013;spring ;M. edulis;BBE;0
16-12-2013;12;2013;spring ;M. edulis;BBF;0
27-12-2013;12;2013;summer;A. ater;BBE;41
27-12-2013;12;2013;summer;M. edulis;BBE;36
27-12-2013;12;2013;summer;M. edulis;BBF;0
06-01-2014;01;2014;summer;A. ater;BBE;38
06-01-2014;01;2014;summer;M. edulis;BBE;0
06-01-2014;01;2014;summer;M. edulis;BBF;0
13-01-2014;01;2014;summer;M. edulis;BBE;36
13-01-2014;01;2014;summer;M. edulis;BBE;0
13-01-2014;01;2014;summer;M. edulis;BBF;0
20-01-2014;01;2014;summer;A. ater;BBE;36
20-01-2014;01;2014;summer;M. edulis;BBE;0
20-01-2014;01;2014;summer;M. edulis;BBF;0
27-01-2014;01;2014;summer;M. edulis;BBE;0
27-01-2014;01;2014;summer;A. ater;BBE;0
27-01-2014;01;2014;summer;M. edulis;BBF;0
03-02-2014;02;2014;summer;M. edulis;BBE;0
03-02-2014;02;2014;summer;A. ater;BBE;0
10-02-2014;02;2014;summer;M. edulis;BBE;0
10-02-2014;02;2014;summer;A. ater;BBE;0
10-02-2014;02;2014;summer;M. edulis;BBF;0
17-02-2014;02;2014;summer;A. ater;BBE;37
17-02-2014;02;2014;summer;M. edulis;BBE;0
17-02-2014;02;2014;summer;M. edulis;BBF;0
19-02-2014;02;2014;summer;M. edulis;BBE;0
24-02-2014;02;2014;summer;A. ater;BBE;35
24-02-2014;02;2014;summer;M. edulis;BBE;0
24-02-2014;02;2014;summer;M. edulis;BBF;0
10-03-2014;03;2014;summer;M. edulis;BBE;0
10-03-2014;03;2014;summer;A. ater;BBE;0
10-03-2014;03;2014;summer;M. edulis;BBF;0
18-03-2014;03;2014;summer;A. ater;BBE;34
18-03-2014;03;2014;summer;M. edulis;BBE;0
18-03-2014;03;2014;summer;M. edulis;BBF;0
25-03-2014;03;2014;autumn;M. edulis;BBE;0
25-03-2014;03;2014;autumn;A. ater;BBE;0
25-03-2014;03;2014;autumn;M. edulis;BBF;0
07-04-2014;04;2014;autumn;M. edulis;BBE;0
07-04-2014;04;2014;autumn;A. ater;BBE;0
14-04-2014;04;2014;autumn;M. edulis;BBE;0
14-04-2014;04;2014;autumn;A. ater;BBE;0
21-04-2014;04;2014;autumn;M. edulis;BBE;0
21-04-2014;04;2014;autumn;A. ater;BBE;0
28-04-2014;04;2014;autumn;M. edulis;BBE;0
28-04-2014;04;2014;autumn;A. ater;BBE;0
06-05-2014;05;2014;autumn;M. edulis;BBE;0
06-05-2014;05;2014;autumn;A. ater;BBE;0
12-05-2014;05;2014;autumn;M. edulis;BBE;0
12-05-2014;05;2014;autumn;A. ater;BBE;0
19-05-2014;05;2014;autumn;M. edulis;BBE;0
19-05-2014;05;2014;autumn;A. ater;BBE;0
26-05-2014;05;2014;autumn;M. edulis;BBE;0
26-05-2014;05;2014;autumn;A. ater;BBE;0
02-06-2014;06;2014;autumn;M. edulis;BBE;0
02-06-2014;06;2014;autumn;A. ater;BBE;0
09-06-2014;06;2014;autumn;M. edulis;BBE;0
09-06-2014;06;2014;autumn;A. ater;BBE;0
19-06-2014;06;2014;autumn;A. ater;BBE;0
19-06-2014;06;2014;autumn;A. ater;BBE;0
23-06-2014;06;2014;winter;M. edulis;BBE;0
23-06-2014;06;2014;winter;A. ater;BBE;0
01-07-2014;07;2014;winter;M. edulis;BBE;0
01-07-2014;07;2014;winter;A. ater;BBE;0
01-07-2014;07;2014;winter;M. edulis;BBF;0
01-07-2014;07;2014;winter;A. ater;BBB;0
01-07-2014;07;2014;winter;A. ater;BBB;0
14-07-2014;07;2014;winter;M. edulis;BBE;0
14-07-2014;07;2014;winter;A. ater;BBE;0
14-07-2014;07;2014;winter;M. edulis;BBF;0
14-07-2014;07;2014;winter;A. ater;BBB;0
14-07-2014;07;2014;winter;A. ater;BBB;0
21-07-2014;07;2014;winter;M. edulis;BBE;35
21-07-2014;07;2014;winter;A. ater;BBE;0
21-07-2014;07;2014;winter;M. edulis;BBF;0
21-07-2014;07;2014;winter;A. ater;BBB;0
21-07-2014;07;2014;winter;A. ater;BBB;0
28-07-2014;07;2014;winter;M. edulis;BBE;0
28-07-2014;07;2014;winter;A. ater;BBE;0
28-07-2014;07;2014;winter;M. edulis;BBF;0
28-07-2014;07;2014;winter;A. ater;BBB;0
28-07-2014;07;2014;winter;A. ater;BBB;0
04-08-2014;08;2014;winter;M. edulis;BBE;0
04-08-2014;08;2014;winter;A. ater;BBE;0
04-08-2014;08;2014;winter;M. edulis;BBF;0
04-08-2014;08;2014;winter;A. ater;BBB;0
08-08-2014;08;2014;winter;A. ater;BBB;0
11-08-2014;08;2014;winter;M. edulis;BBE;0
11-08-2014;08;2014;winter;A. ater;BBE;0
11-08-2014;08;2014;winter;M. edulis;BBF;0
11-08-2014;08;2014;winter;A. ater;BBB;0
11-08-2014;08;2014;winter;A. ater;BBB;0
19-08-2014;08;2014;winter;M. edulis;BBE;0
19-08-2014;08;2014;winter;A. ater;BBE;0
19-08-2014;08;2014;winter;M. edulis;BBF;0
25-08-2014;08;2014;winter;M. edulis;BBE;0
25-08-2014;08;2014;winter;A. ater;BBE;0
25-08-2014;08;2014;winter;M. edulis;BBF;0
25-08-2014;08;2014;winter;A. ater;BBB;0
25-08-2014;08;2014;winter;A. ater;BBB;0
02-09-2014;09;2014;winter;M. edulis;BBE;0
02-09-2014;09;2014;winter;A. ater;BBE;0
02-09-2014;09;2014;winter;M. edulis;BBF;0
02-09-2014;09;2014;winter;A. ater;BBB;0
02-09-2014;09;2014;winter;A. ater;BBB;0
08-09-2014;09;2014;winter;M. edulis;BBE;0
08-09-2014;09;2014;winter;A. ater;BBE;0
08-09-2014;09;2014;winter;M. edulis;BBF;0
08-09-2014;09;2014;winter;A. ater;BBB;0
08-09-2014;09;2014;winter;A. ater;BBB;0
14-09-2014;09;2014;winter;A. ater;BBB;0
22-09-2014;09;2014;spring ;M. edulis;BBE;0
22-09-2014;09;2014;spring ;A. ater;BBE;0
22-09-2014;09;2014;spring ;M. edulis;BBF;0
22-09-2014;09;2014;spring ;A. ater;BBB;0
02-10-2014;10;2014;spring ;M. edulis;BBE;0
02-10-2014;10;2014;spring ;A. ater;BBE;0
02-10-2014;10;2014;spring ;M. edulis;BBF;0
02-10-2014;10;2014;spring ;A. ater;BBB;0
08-10-2014;10;2014;spring ;M. edulis;BBE;0
08-10-2014;10;2014;spring ;A. ater;BBE;0
08-10-2014;10;2014;spring ;M. edulis;BBF;0
08-10-2014;10;2014;spring ;A. ater;BBB;0
15-10-2014;10;2014;spring ;M. edulis;BBE;0
15-10-2014;10;2014;spring ;A. ater;BBE;0
15-10-2014;10;2014;spring ;M. edulis;BBF;0
15-10-2014;10;2014;spring ;A. ater;BBB;0
20-10-2014;10;2014;spring ;M. edulis;BBE;0
20-10-2014;10;2014;spring ;A. ater;BBE;0
20-10-2014;10;2014;spring ;M. edulis;BBF;0
20-10-2014;10;2014;spring ;A. ater;BBB;0
29-10-2014;10;2014;spring ;M. edulis;BBE;0
29-10-2014;10;2014;spring ;A. ater;BBE;0
29-10-2014;10;2014;spring ;M. edulis;BBF;0
29-10-2014;10;2014;spring ;A. ater;BBB;0
03-11-2014;11;2014;spring ;M. edulis;BBE;0
03-11-2014;11;2014;spring ;A. ater;BBE;0
03-11-2014;11;2014;spring ;M. edulis;BBF;0
03-11-2014;11;2014;spring ;A. ater;BBB;0
10-11-2014;11;2014;spring ;M. edulis;BBE;0
10-11-2014;11;2014;spring ;A. ater;BBE;0
14-11-2014;11;2014;spring ;M. edulis;BBF;0
14-11-2014;11;2014;spring ;A. ater;BBB;0
17-11-2014;11;2014;spring ;M. edulis;BBE;0
17-11-2014;11;2014;spring ;A. ater;BBE;0
17-11-2014;11;2014;spring ;M. edulis;BBF;0
17-11-2014;11;2014;spring ;A. ater;BBB;0
24-11-2014;11;2014;spring ;M. edulis;BBE;0
24-11-2014;11;2014;spring ;A. ater;BBE;0
24-11-2014;11;2014;spring ;M. edulis;BBF;0
24-11-2014;11;2014;spring ;A. ater;BBB;0
02-12-2014;12;2014;spring ;M. edulis;BBE;0
02-12-2014;12;2014;spring ;A. ater;BBE;0
02-12-2014;12;2014;spring ;M. edulis;BBF;0
02-12-2014;12;2014;spring ;A. ater;BBB;0
09-12-2014;12;2014;spring ;M. edulis;BBE;0
09-12-2014;12;2014;spring ;A. ater;BBE;0
09-12-2014;12;2014;spring ;M. edulis;BBF;0
09-12-2014;12;2014;spring ;A. ater;BBB;0
15-12-2014;12;2014;spring ;A. ater;BBE;0
15-12-2014;12;2014;spring ;A. ater;BBE;0
15-12-2014;12;2014;spring ;M. edulis;BBF;0
15-12-2014;12;2014;spring ;A. ater;BBB;0
22-12-2014;12;2014;summer;M. edulis;BBE;0
22-12-2014;12;2014;summer;A. ater;BBE;0
22-12-2014;12;2014;summer;M. edulis;BBF;0
22-12-2014;12;2014;summer;A. ater;BBB;0
29-12-2014;12;2014;summer;M. edulis;BBE;0
29-12-2014;12;2014;summer;A. ater;BBE;0
29-12-2014;12;2014;summer;M. edulis;BBF;0
29-12-2014;12;2014;summer;A. ater;BBB;0
05-01-2015;01;2015;summer;M. edulis;BBE;0
05-01-2015;01;2015;summer;A. ater;BBE;0
05-01-2015;01;2015;summer;M. edulis;BBF;0
05-01-2015;01;2015;summer;A. ater;BBB;0
12-01-2015;01;2015;summer;M. edulis;BBE;0
12-01-2015;01;2015;summer;A. ater;BBE;0
12-01-2015;01;2015;summer;M. edulis;BBF;0
12-01-2015;01;2015;summer;A. ater;BBB;0
19-01-2015;01;2015;summer;M. edulis;BBF;0
19-01-2015;01;2015;summer;A. ater;BBB;0
21-01-2015;01;2015;summer;M. edulis;BBE;0
21-01-2015;01;2015;summer;A. ater;BBE;0
26-01-2015;01;2015;summer;A. ater;BBE;57
26-01-2015;01;2015;summer;M. edulis;BBE;0
26-01-2015;01;2015;summer;M. edulis;BBF;0
26-01-2015;01;2015;summer;A. ater;BBB;0
02-02-2015;02;2015;summer;M. edulis;BBF;0
02-02-2015;02;2015;summer;A. ater;BBB;40
04-02-2015;02;2015;summer;M. edulis;BBE;85
04-02-2015;02;2015;summer;A. ater;BBE;0
09-02-2015;02;2015;summer;M. edulis;BBE;109
09-02-2015;02;2015;summer;A. ater;BBE;48
09-02-2015;02;2015;summer;M. edulis;BBF;71
09-02-2015;02;2015;summer;A. ater;BBB;40
18-02-2015;02;2015;summer;M. edulis;BBE;90
18-02-2015;02;2015;summer;A. ater;BBE;46
18-02-2015;02;2015;summer;M. edulis;BBF;38
18-02-2015;02;2015;summer;A. ater;BBB;39
25-02-2015;02;2015;summer;M. edulis;BBE;80
25-02-2015;02;2015;summer;A. ater;BBE;47
25-02-2015;02;2015;summer;M. edulis;BBF;0
25-02-2015;02;2015;summer;A. ater;BBB;49
02-03-2015;03;2015;summer;M. edulis;BBE;106
02-03-2015;03;2015;summer;A. ater;BBE;40
02-03-2015;03;2015;summer;M. edulis;BBF;0
02-03-2015;03;2015;summer;A. ater;BBB;53
09-03-2015;03;2015;summer;M. edulis;BBE;62
09-03-2015;03;2015;summer;A. ater;BBE;34
09-03-2015;03;2015;summer;M. edulis;BBF;0
09-03-2015;03;2015;summer;A. ater;BBB;47
16-03-2015;03;2015;summer;M. edulis;BBE;0
16-03-2015;03;2015;summer;A. ater;BBE;0
16-03-2015;03;2015;summer;M. edulis;BBF;0
16-03-2015;03;2015;summer;A. ater;BBB;39
25-03-2015;03;2015;autumn;M. edulis;BBE;43
25-03-2015;03;2015;autumn;A. ater;BBE;0
25-03-2015;03;2015;autumn;M. edulis;BBF;0
25-03-2015;03;2015;autumn;A. ater;BBB;40
30-03-2015;03;2015;autumn;M. edulis;BBE;43
30-03-2015;03;2015;autumn;A. ater;BBE;0
30-03-2015;03;2015;autumn;M. edulis;BBF;0
30-03-2015;03;2015;autumn;A. ater;BBB;34
06-04-2015;04;2015;autumn;M. edulis;BBE;38
06-04-2015;04;2015;autumn;A. ater;BBE;0
06-04-2015;04;2015;autumn;M. edulis;BBF;0
06-04-2015;04;2015;autumn;A. ater;BBB;0
20-04-2015;04;2015;autumn;M. edulis;BBE;0
20-04-2015;04;2015;autumn;A. ater;BBE;0
20-04-2015;04;2015;autumn;M. edulis;BBF;0
20-04-2015;04;2015;autumn;A. ater;BBB;0
27-04-2015;04;2015;autumn;M. edulis;BBE;0
27-04-2015;04;2015;autumn;M. edulis;BBF;0
27-04-2015;04;2015;autumn;A. ater;BBB;37
28-04-2015;04;2015;autumn;A. ater;BBE;0
05-05-2015;05;2015;autumn;M. edulis;BBE;0
05-05-2015;05;2015;autumn;A. ater;BBE;0
05-05-2015;05;2015;autumn;M. edulis;BBF;0
05-05-2015;05;2015;autumn;A. ater;BBB;0
11-05-2015;05;2015;autumn;M. edulis;BBE;39
11-05-2015;05;2015;autumn;A. ater;BBE;0
11-05-2015;05;2015;autumn;M. edulis;BBF;0
11-05-2015;05;2015;autumn;A. ater;BBB;0
18-05-2015;05;2015;autumn;M. edulis;BBE;0
18-05-2015;05;2015;autumn;A. ater;BBE;0
18-05-2015;05;2015;autumn;M. edulis;BBF;0
18-05-2015;05;2015;autumn;A. ater;BBB;0
26-05-2015;05;2015;autumn;M. edulis;BBE;36
26-05-2015;05;2015;autumn;A. ater;BBE;0
26-05-2015;05;2015;autumn;M. edulis;BBF;0
26-05-2015;05;2015;autumn;A. ater;BBB;36
03-06-2015;06;2015;autumn;M. edulis;BBE;36
03-06-2015;06;2015;autumn;A. ater;BBE;0
03-06-2015;06;2015;autumn;M. edulis;BBF;0
03-06-2015;06;2015;autumn;A. ater;BBB;0
08-06-2015;06;2015;autumn;M. edulis;BBE;0
08-06-2015;06;2015;autumn;A. ater;BBE;0
08-06-2015;06;2015;autumn;M. edulis;BBF;0
08-06-2015;06;2015;autumn;A. ater;BBB;38
15-06-2015;06;2015;autumn;M. edulis;BBE;0
15-06-2015;06;2015;autumn;A. ater;BBE;0
15-06-2015;06;2015;autumn;M. edulis;BBF;0
15-06-2015;06;2015;autumn;A. ater;BBB;0
22-06-2015;06;2015;winter;M. edulis;BBE;0
22-06-2015;06;2015;winter;A. ater;BBE;0
22-06-2015;06;2015;winter;M. edulis;BBF;0
22-06-2015;06;2015;winter;A. ater;BBB;0
06-07-2015;07;2015;winter;M. edulis;BBE;0
06-07-2015;07;2015;winter;A. ater;BBE;0
06-07-2015;07;2015;winter;M. edulis;BBF;0
06-07-2015;07;2015;winter;A. ater;BBB;0
12-07-2015;07;2015;winter;M. edulis;BBE;0
12-07-2015;07;2015;winter;A. ater;BBE;0
12-07-2015;07;2015;winter;A. ater;BBB;0
17-07-2015;07;2015;winter;M. edulis;BBF;0
20-07-2015;07;2015;winter;M. edulis;BBF;0
27-07-2015;07;2015;winter;M. edulis;BBE;0
27-07-2015;07;2015;winter;M. edulis;BBF;0
27-07-2015;07;2015;winter;A. ater;BBB;0
03-08-2015;08;2015;winter;M. edulis;BBE;0
03-08-2015;08;2015;winter;A. ater;BBE;0
03-08-2015;08;2015;winter;M. edulis;BBF;0
10-08-2015;08;2015;winter;M. edulis;BBF;0
10-08-2015;08;2015;winter;A. ater;BBB;0
11-08-2015;08;2015;winter;M. edulis;BBE;0
11-08-2015;08;2015;winter;A. ater;BBE;0
15-08-2015;08;2015;winter;A. ater;BBB;0
26-08-2015;08;2015;winter;M. edulis;BBE;0
26-08-2015;08;2015;winter;A. ater;BBE;0
26-08-2015;08;2015;winter;M. edulis;BBF;0
26-08-2015;08;2015;winter;A. ater;BBB;0
10-09-2015;09;2015;winter;M. edulis;BBE;0
10-09-2015;09;2015;winter;A. ater;BBE;0
10-09-2015;09;2015;winter;M. edulis;BBF;0
10-09-2015;09;2015;winter;A. ater;BBB;0
15-09-2015;09;2015;winter;M. edulis;BBE;0
15-09-2015;09;2015;winter;A. ater;BBE;0
15-09-2015;09;2015;winter;M. edulis;BBF;0
15-09-2015;09;2015;winter;A. ater;BBB;0
22-09-2015;09;2015;spring ;M. edulis;BBE;0
22-09-2015;09;2015;spring ;A. ater;BBE;0
22-09-2015;09;2015;spring ;M. edulis;BBF;0
22-09-2015;09;2015;spring ;A. ater;BBB;0
28-09-2015;09;2015;spring ;M. edulis;BBE;0
28-09-2015;09;2015;spring ;A. ater;BBE;0
28-09-2015;09;2015;spring ;M. edulis;BBF;0
28-09-2015;09;2015;spring ;A. ater;BBB;0
05-10-2015;10;2015;spring ;M. edulis;BBE;0
05-10-2015;10;2015;spring ;A. ater;BBE;0
05-10-2015;10;2015;spring ;M. edulis;BBF;0
05-10-2015;10;2015;spring ;A. ater;BBB;0
14-10-2015;10;2015;spring ;M. edulis;BBE;0
14-10-2015;10;2015;spring ;A. ater;BBE;0
14-10-2015;10;2015;spring ;M. edulis;BBF;0
14-10-2015;10;2015;spring ;A. ater;BBB;0
20-10-2015;10;2015;spring ;M. edulis;BBE;0
20-10-2015;10;2015;spring ;A. ater;BBE;0
20-10-2015;10;2015;spring ;A. ater;BBB;0
26-10-2015;10;2015;spring ;M. edulis;BBE;0
26-10-2015;10;2015;spring ;A. ater;BBE;0
26-10-2015;10;2015;spring ;M. edulis;BBF;0
26-10-2015;10;2015;spring ;A. ater;BBB;0
06-11-2015;11;2015;spring ;M. edulis;BBE;0
06-11-2015;11;2015;spring ;A. ater;BBE;0
06-11-2015;11;2015;spring ;M. edulis;BBF;0
06-11-2015;11;2015;spring ;A. ater;BBB;0
16-11-2015;11;2015;spring ;M. edulis;BBE;0
16-11-2015;11;2015;spring ;A. ater;BBE;0
16-11-2015;11;2015;spring ;M. edulis;BBF;0
16-11-2015;11;2015;spring ;A. ater;BBB;0
23-11-2015;11;2015;spring ;M. edulis;BBE;0
23-11-2015;11;2015;spring ;A. ater;BBE;0
23-11-2015;11;2015;spring ;M. edulis;BBF;0
23-11-2015;11;2015;spring ;A. ater;BBB;0
02-12-2015;12;2015;spring ;M. edulis;BBE;0
02-12-2015;12;2015;spring ;A. ater;BBE;0
02-12-2015;12;2015;spring ;M. edulis;BBF;0
02-12-2015;12;2015;spring ;A. ater;BBB;0
14-12-2015;12;2015;spring ;M. edulis;BBE;0
14-12-2015;12;2015;spring ;A. ater;BBE;0
14-12-2015;12;2015;spring ;M. edulis;BBF;0
14-12-2015;12;2015;spring ;A. ater;BBB;0
28-12-2015;12;2015;summer;M. edulis;BBE;0
28-12-2015;12;2015;summer;A. ater;BBE;0
28-12-2015;12;2015;summer;M. edulis;BBF;0
28-12-2015;12;2015;summer;A. ater;BBB;0
05-01-2016;01;2016;summer;M. edulis;BBE;0
05-01-2016;01;2016;summer;A. ater;BBE;0
05-01-2016;01;2016;summer;M. edulis;BBF;0
05-01-2016;01;2016;summer;A. ater;BBB;0
02-02-2016;02;2016;summer;M. edulis;BBE;0
02-02-2016;02;2016;summer;A. ater;BBE;0
02-02-2016;02;2016;summer;M. edulis;BBF;0
02-02-2016;02;2016;summer;A. ater;BBB;0
01-03-2016;03;2016;summer;M. edulis;BBE;0
01-03-2016;03;2016;summer;M. edulis;BBF;0
01-03-2016;03;2016;summer;M. edulis;BBF;0
08-03-2016;03;2016;summer;M. edulis;BBF;0
29-03-2016;03;2016;autumn;M. edulis;BBE;0
29-03-2016;03;2016;autumn;A. ater;BBE;0
29-03-2016;03;2016;autumn;M. edulis;BBF;0
29-03-2016;03;2016;autumn;A. ater;BBB;0
05-04-2016;04;2016;autumn;M. edulis;BBE;0
05-04-2016;04;2016;autumn;A. ater;BBE;0
05-04-2016;04;2016;autumn;M. edulis;BBF;0
05-04-2016;04;2016;autumn;A. ater;BBB;0
11-05-2016;05;2016;autumn;M. edulis;BBF;0
11-05-2016;05;2016;autumn;A. ater;BBB;0
01-06-2016;06;2016;winter;A. ater;BBE;0
27-06-2016;06;2016;winter;A. ater;BBB;0
28-06-2016;06;2016;winter;M. edulis;BBF;0
11-07-2016;07;2016;winter;M. edulis;BBF;0
11-07-2016;07;2016;winter;A. ater;BBB;0
18-07-2016;07;2016;winter;M. edulis;BBF;0
18-07-2016;07;2016;winter;A. ater;BBB;0
27-07-2016;07;2016;winter;M. edulis;BBE;0
27-07-2016;07;2016;winter;A. ater;BBE;0
27-07-2016;07;2016;winter;M. edulis;BBE;0
27-07-2016;07;2016;winter;A. ater;BBB;0
01-08-2016;08;2016;winter;M. edulis;BBE;0
01-08-2016;08;2016;winter;A. ater;BBE;0
01-08-2016;08;2016;winter;M. edulis;BBE;0
01-08-2016;08;2016;winter;A. ater;BBB;0
03-08-2016;08;2016;winter;M. edulis;BBE;0
03-08-2016;08;2016;winter;A. ater;BBE;0
08-08-2016;08;2016;winter;M. edulis;BBE;0
08-08-2016;08;2016;winter;A. ater;BBE;0
16-08-2016;08;2016;winter;M. edulis;BBF;0
17-08-2016;08;2016;winter;M. edulis;BBF;0
22-08-2016;08;2016;winter;M. edulis;BBE;0
22-08-2016;08;2016;winter;A. ater;BBE;0
22-08-2016;08;2016;winter;M. edulis;BBF;0
24-08-2016;08;2016;winter;M. edulis;BBE;0
24-08-2016;08;2016;winter;A. ater;BBE;0
07-09-2016;09;2016;winter;M. edulis;BBE;0
07-09-2016;09;2016;winter;A. ater;BBE;0
07-09-2016;09;2016;winter;M. edulis;BBF;0
12-09-2016;09;2016;winter;M. edulis;BBE;0
12-09-2016;09;2016;winter;A. ater;BBE;0
12-09-2016;09;2016;winter;M. edulis;BBF;0
28-09-2016;09;2016;spring ;M. edulis;BBE;0
28-09-2016;09;2016;spring ;A. ater;BBE;0
28-09-2016;09;2016;spring ;M. edulis;BBF;0
03-10-2016;10;2016;spring ;M. edulis;BBF;0
24-10-2016;10;2016;spring ;M. edulis;BBF;0
09-11-2016;11;2016;spring ;M. edulis;BBE;0
09-11-2016;11;2016;spring ;A. ater;BBE;0
09-11-2016;11;2016;spring ;M. edulis;BBF;0
13-12-2016;12;2016;spring ;M. edulis;BBE;0
13-12-2016;12;2016;spring ;M. edulis;BBF;0
13-12-2016;12;2016;summer;A. ater;BBB;0
03-01-2017;01;2017;summer;M. edulis;BBE;0
03-01-2017;01;2017;summer;A. ater;BBE;0
03-01-2017;01;2017;summer;M. edulis;BBF;0
03-01-2017;01;2017;summer;A. ater;BBB;0
03-01-2017;01;2017;summer;M. edulis;PP;0
10-01-2017;01;2017;summer;M. edulis;BBF;0
10-01-2017;01;2017;summer;A. ater;BBB;0
10-01-2017;01;2017;summer;M. edulis;PP;0
17-01-2017;01;2017;summer;M. edulis;PP;0
25-01-2017;01;2017;summer;A. ater;BBE;40
25-01-2017;01;2017;summer;M. edulis;BBE;0
25-01-2017;01;2017;summer;M. edulis;BBF;0
25-01-2017;01;2017;summer;M. edulis;PP;0
31-01-2017;01;2017;summer;M. edulis;BBF;0
31-01-2017;01;2017;summer;A. ater;BBB;0
31-01-2017;01;2017;summer;M. edulis;PP;0
06-02-2017;02;2017;summer;A. ater;BBE;45
06-02-2017;02;2017;summer;M. edulis;BBE;43
06-02-2017;02;2017;summer;M. edulis;BBF;42
06-02-2017;02;2017;summer;M. edulis;PP;0
08-02-2017;02;2017;summer;A. ater;BBB;0
13-02-2017;02;2017;summer;M. edulis;BBE;58
13-02-2017;02;2017;summer;M. edulis;BBF;36
13-02-2017;02;2017;summer;M. edulis;PP;0
06-03-2017;03;2017;summer;A. ater;BBE;233
06-03-2017;03;2017;summer;M. edulis;BBE;52
06-03-2017;03;2017;summer;M. edulis;BBF;0
06-03-2017;03;2017;summer;A. ater;BBB;45
08-03-2017;03;2017;summer;M. edulis;PP;0
17-03-2017;03;2017;summer;A. ater;BBE;467
17-03-2017;03;2017;summer;M. edulis;BBE;112
17-03-2017;03;2017;summer;M. edulis;BBF;113
20-03-2017;03;2017;summer;M. edulis;BBE;424
20-03-2017;03;2017;summer;A. ater;BBE;378
20-03-2017;03;2017;summer;M. edulis;BBF;110
20-03-2017;03;2017;summer;A. ater;BBB;297
28-03-2017;03;2017;autumn;A. ater;BBE;495
28-03-2017;03;2017;autumn;M. edulis;BBE;421
28-03-2017;03;2017;autumn;M. edulis;BBF;283
28-03-2017;03;2017;autumn;A. ater;BBB;92
30-03-2017;03;2017;autumn;M. edulis;PP;50
05-04-2017;04;2017;autumn;M. edulis;BBE;893
05-04-2017;04;2017;autumn;A. ater;BBE;344
05-04-2017;04;2017;autumn;M. edulis;BBF;98
07-04-2017;04;2017;autumn;M. edulis;PP;40
12-04-2017;04;2017;autumn;M. edulis;PP;40
17-04-2017;04;2017;autumn;M. edulis;BBE;589
17-04-2017;04;2017;autumn;A. ater;BBE;291
17-04-2017;04;2017;autumn;M. edulis;BBF;90
17-04-2017;04;2017;autumn;A. ater;BBB;73
17-04-2017;04;2017;autumn;M. edulis;PP;39
19-04-2017;04;2017;autumn;M. edulis;BBE;611
19-04-2017;04;2017;autumn;A. ater;BBE;212
24-04-2017;04;2017;autumn;M. edulis;BBE;438
24-04-2017;04;2017;autumn;A. ater;BBE;41
24-04-2017;04;2017;autumn;M. edulis;BBF;65
24-04-2017;04;2017;autumn;A. ater;BBB;74
24-04-2017;04;2017;autumn;M. edulis;PP;38
02-05-2017;05;2017;autumn;M. edulis;BBE;325
02-05-2017;05;2017;autumn;A. ater;BBE;55
02-05-2017;05;2017;autumn;M. edulis;BBF;137
02-05-2017;05;2017;autumn;A. ater;BBB;106
08-05-2017;05;2017;autumn;M. edulis;BBF;43
09-05-2017;05;2017;autumn;M. edulis;PP;44
10-05-2017;05;2017;autumn;M. edulis;BBE;220
10-05-2017;05;2017;autumn;A. ater;BBE;47
10-05-2017;05;2017;autumn;A. ater;BBB;48
17-05-2017;05;2017;autumn;M. edulis;BBE;188
17-05-2017;05;2017;autumn;A. ater;BBE;42
17-05-2017;05;2017;autumn;M. edulis;BBF;0
17-05-2017;05;2017;autumn;A. ater;BBB;71
17-05-2017;05;2017;autumn;M. edulis;PP;0
29-05-2017;05;2017;autumn;M. edulis;BBE;106
29-05-2017;05;2017;autumn;A. ater;BBE;40
29-05-2017;05;2017;autumn;M. edulis;BBF;0
29-05-2017;05;2017;autumn;A. ater;BBB;48
29-05-2017;05;2017;autumn;M. edulis;PP;0
08-06-2017;06;2017;autumn;M. edulis;BBE;59
08-06-2017;06;2017;autumn;A. ater;BBE;41
08-06-2017;06;2017;autumn;M. edulis;BBF;0
08-06-2017;06;2017;autumn;M. edulis;PP;0
12-06-2017;06;2017;autumn;M. edulis;BBE;45
12-06-2017;06;2017;autumn;A. ater;BBE;0
12-06-2017;06;2017;autumn;M. edulis;BBF;36
12-06-2017;06;2017;autumn;A. ater;BBB;61
16-06-2017;06;2017;autumn;M. edulis;PP;0
26-06-2017;06;2017;winter;M. edulis;BBE;40
26-06-2017;06;2017;winter;A. ater;BBE;0
26-06-2017;06;2017;winter;M. edulis;BBF;35
26-06-2017;06;2017;winter;A. ater;BBB;0
26-06-2017;06;2017;winter;M. edulis;PP;0
29-06-2017;06;2017;winter;M. edulis;BBE;0
29-06-2017;06;2017;winter;A. ater;BBE;0
01-07-2017;07;2017;winter;M. edulis;PP;0
03-07-2017;07;2017;winter;A. ater;BBE;46
03-07-2017;07;2017;winter;M. edulis;BBE;0
03-07-2017;07;2017;winter;M. edulis;BBF;0
05-07-2017;07;2017;winter;A. ater;BBB;40
10-07-2017;07;2017;winter;M. edulis;BBE;37
10-07-2017;07;2017;winter;M. edulis;BBF;0
10-07-2017;07;2017;winter;A. ater;BBB;40
12-07-2017;07;2017;winter;M. edulis;PP;0
25-07-2017;07;2017;winter;M. edulis;BBE;0
25-07-2017;07;2017;winter;A. ater;BBE;0
25-07-2017;07;2017;winter;M. edulis;BBF;0
25-07-2017;07;2017;winter;A. ater;BBB;39
25-07-2017;07;2017;winter;M. edulis;PP;0
07-08-2017;08;2017;winter;M. edulis;BBF;0
07-08-2017;08;2017;winter;A. ater;BBB;0
29-08-2017;08;2017;winter;M. edulis;BBF;0
05-09-2017;09;2017;winter;M. edulis;BBF;0
05-09-2017;09;2017;winter;M. edulis;PP;0
11-09-2017;09;2017;winter;M. edulis;BBE;0
11-09-2017;09;2017;winter;A. ater;BBE;0
11-09-2017;09;2017;winter;M. edulis;BBF;0
11-09-2017;09;2017;winter;A. ater;BBB;0
11-09-2017;09;2017;winter;M. edulis;PP;0
18-09-2017;09;2017;winter;M. edulis;PP;0
20-09-2017;09;2017;winter;M. edulis;BBF;0
20-09-2017;09;2017;winter;A. ater;BBB;0
03-10-2017;10;2017;spring ;M. edulis;BBF;0
03-10-2017;10;2017;spring ;M. edulis;PP;0
04-10-2017;10;2017;spring ;M. edulis;BBE;0
04-10-2017;10;2017;spring ;A. ater;BBE;0
09-10-2017;10;2017;spring ;M. edulis;BBF;0
09-10-2017;10;2017;spring ;A. ater;BBB;0
11-10-2017;10;2017;spring ;M. edulis;PP;0
24-10-2017;10;2017;spring ;M. edulis;BBF;0
24-10-2017;10;2017;spring ;M. edulis;PP;0
27-10-2017;10;2017;spring ;A. ater;BBE;51
27-10-2017;10;2017;spring ;M. edulis;BBE;45
02-11-2017;11;2017;spring ;M. edulis;BBF;0
02-11-2017;11;2017;spring ;A. ater;BBB;0
02-11-2017;11;2017;spring ;M. edulis;PP;0
07-11-2017;11;2017;spring ;M. edulis;BBE;75
07-11-2017;11;2017;spring ;A. ater;BBE;71
07-11-2017;11;2017;spring ;M. edulis;BBF;36
07-11-2017;11;2017;spring ;A. ater;BBB;44
07-11-2017;11;2017;spring ;M. edulis;PP;33
10-11-2017;11;2017;spring ;M. edulis;BBE;68
10-11-2017;11;2017;spring ;A. ater;BBE;59
15-11-2017;11;2017;spring ;M. edulis;BBE;1
15-11-2017;11;2017;spring ;M. edulis;BBF;107
15-11-2017;11;2017;spring ;M. edulis;PP;52
22-11-2017;11;2017;spring ;M. edulis;BBE;55
22-11-2017;11;2017;spring ;A. ater;BBE;52
22-11-2017;11;2017;spring ;M. edulis;BBF;0
22-11-2017;11;2017;spring ;A. ater;BBB;0
22-11-2017;11;2017;spring ;M. edulis;PP;37
27-11-2017;11;2017;spring ;M. edulis;BBF;43
29-11-2017;11;2017;spring ;A. ater;BBE;68
29-11-2017;11;2017;spring ;M. edulis;BBE;53
04-12-2017;12;2017;spring ;A. ater;BBB;42
04-12-2017;12;2017;spring ;M. edulis;PP;0
11-12-2017;12;2017;spring ;A. ater;BBE;74
11-12-2017;12;2017;spring ;M. edulis;BBE;73
11-12-2017;12;2017;spring ;M. edulis;BBF;34
11-12-2017;12;2017;spring ;A. ater;BBB;45
11-12-2017;12;2017;spring ;M. edulis;PP;37
13-12-2017;12;2017;spring ;M. edulis;BBE;58
18-12-2017;12;2017;spring ;M. edulis;PP;0
19-12-2017;12;2017;spring ;A. ater;BBB;40
26-12-2017;12;2017;summer;A. ater;BBE;47
26-12-2017;12;2017;summer;M. edulis;BBE;43
26-12-2017;12;2017;summer;M. edulis;BBF;0
26-12-2017;12;2017;summer;A. ater;BBB;47
26-12-2017;12;2017;summer;M. edulis;PP;39
